,Session ID,Mouse ID,Date,Phase,Left Reward Prob,Right Reward Prob,Block Range Min,Block Range Max,No. Trials,No. Blocks,No. Rewards,p(high Port),Decision Window Duration,Min Inter-trial-interval,Left Solenoid Duration,Right Solenoid Duration
0,11012016_K1,K1,2016-11-01 00:00:00,1.0,1.0,1.0,1000.0,1000.0,8.0,0.0,8.0,0.0,10.0,0.5,35.0,35.0
1,11022016_K1,K1,2016-11-02 00:00:00,1.0,1.0,1.0,1000.0,1000.0,85.0,0.0,85.0,0.0,10.0,0.5,35.0,35.0
2,11032016_K1,K1,2016-11-03 00:00:00,1.0,1.0,1.0,1000.0,1000.0,104.0,0.0,104.0,0.0,3.0,1.0,35.0,35.0
3,11042016_K1,K1,2016-11-04 00:00:00,2.0,0.1,0.9,50.0,50.0,70.0,1.0,50.0,0.83,2.0,1.0,35.0,35.0
4,11082016_K1,K1,2016-11-08 00:00:00,1.0,1.0,1.0,500.0,500.0,118.0,0.0,118.0,0.0,5.0,1.0,60.0,60.0
5,11092016_K1,K1,2016-11-09 00:00:00,1.0,1.0,1.0,500.0,500.0,133.0,0.0,133.0,0.0,5.0,1.0,60.0,60.0
6,11102016_K1,K1,2016-11-10 00:00:00,2.0,0.0,1.0,30.0,30.0,213.0,4.0,134.0,0.63,5.0,1.0,35.0,35.0
7,11112016_K1,K1,2016-11-11 00:00:00,2.0,0.0,1.0,50.0,50.0,315.0,5.0,258.0,0.82,2.0,1.0,35.0,35.0
8,11142016_K1,K1,2016-11-14 00:00:00,2.0,0.1,0.9,50.0,50.0,415.0,5.0,284.0,0.72,2.0,1.0,35.0,35.0
9,11152016_K1,K1,2016-11-15 00:00:00,2.0,0.1,0.9,50.0,50.0,315.0,4.0,228.0,0.77,2.0,1.0,35.0,35.0
10,11162016_K1,K1,2016-11-16 00:00:00,2.0,0.1,0.9,50.0,50.0,217.0,3.0,169.0,0.85,2.0,1.0,35.0,35.0
11,11172016_K1,K1,2016-11-17 00:00:00,2.0,0.2,0.8,30.0,40.0,198.0,3.0,131.0,0.8,2.0,1.0,35.0,35.0
12,11182016_K1,K1,2016-11-18 00:00:00,2.0,0.8,0.2,20.0,40.0,213.0,4.0,128.0,0.65,2.0,1.0,35.0,35.0
13,11212016_K1,K1,2016-11-21 00:00:00,2.0,0.2,0.8,50.0,50.0,349.0,4.0,219.0,0.74,2.0,1.0,35.0,35.0
14,11222016_K1,K1,2016-11-22 00:00:00,2.0,0.8,0.2,20.0,40.0,281.0,6.0,200.0,0.84,2.0,1.0,35.0,35.0
15,11292016_K1,K1,2016-11-29 00:00:00,2.0,0.1,0.9,50.0,50.0,399.0,6.0,305.0,0.82,2.0,1.0,35.0,35.0
16,11302016_K1,K1,2016-11-30 00:00:00,2.0,0.8,0.2,10.0,40.0,470.0,10.0,289.0,0.68,2.0,1.0,35.0,35.0
17,12012016_K1,K1,2016-12-01 00:00:00,2.0,0.2,0.8,50.0,50.0,91.0,1.0,54.0,0.77,2.0,1.0,35.0,35.0
18,12022016_K1,K1,2016-12-02 00:00:00,2.0,0.2,0.8,10.0,40.0,194.0,5.0,127.0,0.75,2.0,1.0,35.0,35.0
19,12052016_K1,K1,2016-12-05 00:00:00,2.0,0.2,0.8,10.0,40.0,364.0,8.0,238.0,0.75,2.0,1.0,35.0,35.0
20,12062016_K1,K1,2016-12-06 00:00:00,2.0,0.2,0.8,10.0,40.0,521.0,12.0,321.0,0.75,2.0,1.0,35.0,35.0
21,12072016_K1,K1,2016-12-07 00:00:00,2.0,0.3,0.7,10.0,40.0,404.0,9.0,225.0,0.69,2.0,1.0,35.0,35.0
22,12082016_K1,K1,2016-12-08 00:00:00,2.0,0.3,0.7,10.0,40.0,604.0,14.0,349.0,0.64,2.0,1.0,35.0,35.0
23,12092016_K1,K1,2016-12-09 00:00:00,2.0,0.7,0.3,10.0,40.0,586.0,11.0,308.0,0.63,2.0,1.0,35.0,35.0
24,12122016_K1,K1,2016-12-12 00:00:00,2.0,0.7,0.3,10.0,40.0,550.0,11.0,302.0,0.65,2.0,1.0,35.0,35.0
25,12132016_K1,K1,2016-12-13 00:00:00,2.0,0.7,0.3,10.0,40.0,601.0,15.0,365.0,0.74,2.0,1.0,35.0,35.0
26,12162016_K1,K1,2016-12-16 00:00:00,2.0,0.3,0.7,10.0,40.0,403.0,10.0,239.0,0.71,2.0,1.0,35.0,35.0
27,11162016_K4,K4,2016-11-16 00:00:00,1.0,1.0,1.0,1000.0,1000.0,436.0,0.0,436.0,0.0,10.0,1.0,35.0,35.0
28,11182016_K4,K4,2016-11-18 00:00:00,1.0,1.0,1.0,1000.0,1000.0,1.0,0.0,1.0,0.0,10.0,1.0,35.0,35.0
29,11212016_K4,K4,2016-11-21 00:00:00,1.0,1.0,1.0,1000.0,1000.0,2.0,0.0,2.0,0.0,10.0,1.0,35.0,35.0
30,11222016_K4,K4,2016-11-22 00:00:00,1.0,1.0,1.0,1000.0,1000.0,2.0,0.0,2.0,0.0,10.0,1.0,35.0,35.0
31,11292016_K4,K4,2016-11-29 00:00:00,1.0,1.0,1.0,1000.0,1000.0,5.0,0.0,5.0,0.0,10.0,1.0,45.0,45.0
32,12022016_K4,K4,2016-12-02 00:00:00,1.0,1.0,1.0,1000.0,1000.0,37.0,0.0,37.0,0.0,15.0,1.0,50.0,50.0
33,12052016_K4,K4,2016-12-05 00:00:00,1.0,1.0,1.0,1000.0,1000.0,153.0,0.0,153.0,0.0,15.0,1.0,35.0,35.0
34,12062016_K4,K4,2016-12-06 00:00:00,1.0,0.0,0.0,30.0,30.0,54.0,1.0,30.0,0.0,5.0,1.0,35.0,35.0
35,12072016_K4,K4,2016-12-07 00:00:00,2.0,0.0,1.0,30.0,30.0,92.0,1.0,45.0,0.49,5.0,1.0,35.0,35.0
36,12082016_K4,K4,2016-12-08 00:00:00,2.0,0.0,1.0,30.0,30.0,12.0,0.0,3.0,0.25,5.0,1.0,35.0,35.0
37,12092016_K4,K4,2016-12-09 00:00:00,2.0,0.0,1.0,30.0,30.0,60.0,1.0,33.0,0.55,5.0,1.0,35.0,35.0
38,12122016_K4,K4,2016-12-12 00:00:00,2.0,0.0,1.0,30.0,30.0,74.0,1.0,39.0,0.53,5.0,1.0,40.0,40.0
39,12132016_K4,K4,2016-12-13 00:00:00,2.0,0.0,1.0,30.0,30.0,44.0,0.0,17.0,0.39,5.0,1.0,35.0,35.0
40,12152016_K4,K4,2016-12-15 00:00:00,2.0,1.0,0.0,30.0,30.0,111.0,2.0,64.0,0.58,5.0,1.0,35.0,35.0
41,12162016_K4,K4,2016-12-16 00:00:00,2.0,0.0,1.0,30.0,30.0,140.0,2.0,67.0,0.48,2.0,1.0,35.0,35.0
42,09142016_q43,q43,2016-09-14 00:00:00,1.0,0.9,0.9,500.0,500.0,3.0,0.0,1.0,0.0,10.0,1.0,30.0,35.0
43,09192016_q43,q43,2016-09-19 00:00:00,1.0,1.0,1.0,500.0,500.0,50.0,0.0,50.0,0.0,10.0,1.0,35.0,35.0
44,09202016_q43,q43,2016-09-20 00:00:00,1.0,0.9,0.9,500.0,500.0,126.0,0.0,111.0,0.0,5.0,1.0,35.0,30.0
45,09212016_q43,q43,2016-09-21 00:00:00,2.0,0.9,0.1,50.0,50.0,176.0,1.0,70.0,0.39,3.0,1.0,35.0,35.0
46,09222016_q43,q43,2016-09-22 00:00:00,2.0,1.0,0.0,50.0,50.0,241.0,2.0,125.0,0.52,3.0,1.0,35.0,35.0
47,09232016_q43,q43,2016-09-23 00:00:00,2.0,1.0,0.0,50.0,50.0,164.0,1.0,50.0,0.0,3.0,1.0,35.0,35.0
48,09262016_q43,q43,2016-09-26 00:00:00,2.0,0.9,0.1,50.0,50.0,311.0,3.0,191.0,0.65,3.0,1.0,35.0,35.0
49,09272016_q43,q43,2016-09-27 00:00:00,2.0,0.0,1.0,50.0,50.0,474.0,7.0,374.0,0.79,3.0,1.0,35.0,35.0
50,09282016_q43,q43,2016-09-28 00:00:00,2.0,0.0,1.0,50.0,50.0,471.0,7.0,359.0,0.76,3.0,1.0,35.0,35.0
51,09292016_q43,q43,2016-09-29 00:00:00,2.0,0.1,0.9,50.0,50.0,548.0,7.0,397.0,0.78,2.0,1.0,35.0,35.0
52,09302016_q43,q43,2016-09-30 00:00:00,2.0,0.1,0.9,50.0,50.0,480.0,6.0,343.0,0.76,2.0,1.0,35.0,40.0
53,10042016_q43,q43,2016-10-04 00:00:00,2.0,0.1,0.9,50.0,50.0,462.0,6.0,330.0,0.77,2.0,1.0,35.0,35.0
54,10052016_q43,q43,2016-10-05 00:00:00,2.0,0.9,0.1,50.0,50.0,527.0,7.0,394.0,0.84,2.0,1.0,35.0,35.0
55,10062016_q43,q43,2016-10-06 00:00:00,2.0,0.9,0.1,50.0,50.0,525.0,7.0,389.0,0.8,2.0,1.0,35.0,35.0
56,10112016_q43,q43,2016-10-11 00:00:00,2.0,0.1,0.9,50.0,50.0,565.0,8.0,425.0,0.82,2.0,1.0,35.0,35.0
57,10122016_q43,q43,2016-10-12 00:00:00,2.0,0.1,0.9,50.0,50.0,468.0,6.0,330.0,0.77,2.0,1.0,35.0,35.0
58,10132016_q43,q43,2016-10-13 00:00:00,2.0,0.2,0.8,50.0,50.0,559.0,7.0,370.0,0.79,2.0,1.0,35.0,35.0
59,10142016_q43,q43,2016-10-14 00:00:00,2.0,0.8,0.2,50.0,50.0,651.0,8.0,411.0,0.74,2.0,1.0,35.0,35.0
60,10172016_q43,q43,2016-10-17 00:00:00,2.0,0.9,0.1,10.0,50.0,580.0,16.0,433.0,0.8,2.0,1.0,35.0,35.0
61,10182016_q43,q43,2016-10-18 00:00:00,2.0,0.1,0.9,10.0,50.0,551.0,15.0,404.0,0.81,2.0,1.0,35.0,35.0
62,10192016_q43,q43,2016-10-19 00:00:00,2.0,0.8,0.2,40.0,60.0,433.0,5.0,303.0,0.81,2.0,1.0,45.0,40.0
63,10202016_q43,q43,2016-10-20 00:00:00,2.0,0.2,0.8,50.0,50.0,599.0,8.0,402.0,0.78,2.0,1.0,35.0,35.0
64,10212016_q43,q43,2016-10-21 00:00:00,2.0,0.8,0.2,50.0,50.0,636.0,8.0,438.0,0.81,2.0,1.0,35.0,35.0
65,10312016_q43,q43,2016-10-31 00:00:00,2.0,0.0,1.0,50.0,50.0,387.0,6.0,349.0,0.9,2.0,1.0,45.0,40.0
66,11012016_q43,q43,2016-11-01 00:00:00,2.0,0.8,0.2,50.0,50.0,616.0,8.0,409.0,0.78,2.0,1.0,35.0,35.0
67,11022016_q43,q43,2016-11-02 00:00:00,2.0,0.2,0.8,50.0,50.0,628.0,9.0,462.0,0.83,2.0,1.0,35.0,35.0
68,11032016_q43,q43,2016-11-03 00:00:00,2.0,0.8,0.2,50.0,50.0,635.0,8.0,424.0,0.77,2.0,1.0,35.0,35.0
69,11042016_q43,q43,2016-11-04 00:00:00,2.0,0.8,0.2,50.0,50.0,613.0,8.0,414.0,0.8,2.0,1.0,35.0,35.0
70,11072016_q43,q43,2016-11-07 00:00:00,2.0,0.2,0.8,50.0,50.0,679.0,9.0,452.0,0.82,2.0,1.0,35.0,35.0
71,11082016_q43,q43,2016-11-08 00:00:00,2.0,0.8,0.2,50.0,50.0,588.0,8.0,402.0,0.8,2.0,1.0,35.0,35.0
72,11092016_q43,q43,2016-11-09 00:00:00,2.0,0.2,0.8,50.0,50.0,574.0,8.0,406.0,0.85,2.0,1.0,35.0,35.0
73,11102016_q43,q43,2016-11-10 00:00:00,2.0,0.7,0.3,50.0,50.0,506.0,6.0,306.0,0.72,2.0,1.0,35.0,35.0
74,11112016_q43,q43,2016-11-11 00:00:00,2.0,0.9,0.1,40.0,60.0,614.0,8.0,455.0,0.86,2.0,1.0,35.0,35.0
75,11142016_q43,q43,2016-11-14 00:00:00,2.0,0.1,0.9,50.0,50.0,578.0,9.0,460.0,0.87,2.0,1.0,35.0,35.0
76,11152016_q43,q43,2016-11-15 00:00:00,2.0,0.1,0.9,50.0,50.0,486.0,8.0,400.0,0.9,2.0,1.0,35.0,35.0
77,11162016_q43,q43,2016-11-16 00:00:00,1.0,1.0,1.0,1000.0,1000.0,436.0,0.0,436.0,0.0,10.0,1.0,35.0,35.0
78,11172016_q43,q43,2016-11-17 00:00:00,2.0,0.2,0.8,30.0,40.0,500.0,9.0,321.0,0.74,5.0,1.0,35.0,35.0
79,11182016_q43,q43,2016-11-18 00:00:00,2.0,0.8,0.2,20.0,40.0,711.0,14.0,392.0,0.6,2.0,1.0,35.0,35.0
80,11212016_q43,q43,2016-11-21 00:00:00,2.0,0.2,0.8,50.0,50.0,596.0,8.0,424.0,0.84,2.0,1.0,35.0,35.0
81,11222016_q43,q43,2016-11-22 00:00:00,2.0,0.2,0.8,20.0,40.0,635.0,13.0,407.0,0.75,2.0,1.0,35.0,35.0
82,11292016_q43,q43,2016-11-29 00:00:00,2.0,0.1,0.9,50.0,50.0,498.0,8.0,402.0,0.91,2.0,1.0,35.0,35.0
83,11302016_q43,q43,2016-11-30 00:00:00,2.0,0.2,0.8,10.0,40.0,614.0,15.0,404.0,0.76,2.0,1.0,35.0,35.0
84,12012016_q43,q43,2016-12-01 00:00:00,2.0,0.8,0.2,50.0,50.0,566.0,8.0,419.0,0.87,2.0,1.0,35.0,35.0
85,12022016_q43,q43,2016-12-02 00:00:00,2.0,0.8,0.2,10.0,40.0,596.0,15.0,422.0,0.83,2.0,1.0,35.0,35.0
86,12052016_q43,q43,2016-12-05 00:00:00,2.0,0.8,0.2,10.0,40.0,687.0,17.0,473.0,0.81,2.0,1.0,35.0,35.0
87,12062016_q43,q43,2016-12-06 00:00:00,2.0,0.2,0.8,10.0,40.0,668.0,18.0,457.0,0.8,2.0,1.0,35.0,35.0
88,12072016_q43,q43,2016-12-07 00:00:00,2.0,0.7,0.3,10.0,40.0,725.0,18.0,462.0,0.76,2.0,1.0,35.0,35.0
89,12082016_q43,q43,2016-12-08 00:00:00,2.0,0.3,0.7,10.0,40.0,766.0,20.0,433.0,0.71,2.0,1.0,35.0,35.0
90,12092016_q43,q43,2016-12-09 00:00:00,2.0,0.3,0.7,10.0,40.0,732.0,17.0,400.0,0.68,2.0,1.0,35.0,35.0
91,12122016_q43,q43,2016-12-12 00:00:00,2.0,0.3,0.7,10.0,40.0,788.0,20.0,467.0,0.71,2.0,1.0,35.0,35.0
92,12132016_q43,q43,2016-12-13 00:00:00,2.0,0.3,0.7,10.0,40.0,738.0,16.0,419.0,0.71,2.0,1.0,35.0,35.0
93,12152016_q43,q43,2016-12-15 00:00:00,2.0,0.3,0.7,10.0,40.0,384.0,8.0,229.0,0.66,2.0,1.0,35.0,35.0
94,12162016_q43,q43,2016-12-16 00:00:00,2.0,0.3,0.7,10.0,40.0,559.0,13.0,321.0,0.65,2.0,1.0,35.0,35.0
95,10132016_q45,q45,2016-10-13 00:00:00,1.0,1.0,1.0,1000.0,1000.0,15.0,0.0,15.0,0.0,10.0,0.5,35.0,35.0
96,10142016_q45,q45,2016-10-14 00:00:00,1.0,1.0,1.0,1000.0,1000.0,121.0,0.0,121.0,0.0,10.0,0.5,35.0,35.0
97,10172016_q45,q45,2016-10-17 00:00:00,2.0,1.0,0.0,50.0,50.0,89.0,0.0,46.0,0.52,3.0,1.0,35.0,35.0
98,10182016_q45,q45,2016-10-18 00:00:00,2.0,0.0,1.0,50.0,50.0,116.0,0.0,39.0,0.34,3.0,1.0,35.0,35.0
99,10192016_q45,q45,2016-10-19 00:00:00,2.0,1.0,0.0,50.0,50.0,91.0,1.0,54.0,0.59,3.0,1.0,35.0,35.0
100,10202016_q45,q45,2016-10-20 00:00:00,2.0,1.0,0.0,30.0,30.0,46.0,1.0,31.0,0.67,3.0,1.0,35.0,35.0
101,10212016_q45,q45,2016-10-21 00:00:00,2.0,0.0,1.0,30.0,30.0,72.0,1.0,30.0,0.42,2.0,1.0,35.0,35.0
102,10312016_q45,q45,2016-10-31 00:00:00,2.0,0.0,1.0,50.0,50.0,22.0,0.0,0.0,0.0,2.0,1.0,35.0,35.0
103,11012016_q45,q45,2016-11-01 00:00:00,1.0,1.0,1.0,1000.0,1000.0,97.0,0.0,97.0,0.0,2.0,1.0,35.0,35.0
104,11022016_q45,q45,2016-11-02 00:00:00,2.0,0.0,1.0,50.0,50.0,174.0,2.0,103.0,0.59,2.0,1.0,35.0,50.0
105,11032016_q45,q45,2016-11-03 00:00:00,2.0,1.0,0.0,50.0,50.0,204.0,3.0,150.0,0.74,2.0,1.0,35.0,35.0
106,11042016_q45,q45,2016-11-04 00:00:00,2.0,0.0,1.0,50.0,50.0,294.0,4.0,249.0,0.85,2.0,1.0,35.0,35.0
107,11072016_q45,q45,2016-11-07 00:00:00,2.0,0.2,0.8,50.0,50.0,277.0,3.0,173.0,0.75,2.0,1.0,35.0,35.0
108,11082016_q45,q45,2016-11-08 00:00:00,2.0,0.2,0.8,50.0,50.0,476.0,6.0,320.0,0.81,2.0,1.0,35.0,35.0
109,11092016_q45,q45,2016-11-09 00:00:00,2.0,0.2,0.8,50.0,50.0,547.0,6.0,322.0,0.7,2.0,1.0,35.0,35.0
110,11102016_q45,q45,2016-11-10 00:00:00,2.0,0.7,0.3,50.0,50.0,314.0,3.0,184.0,0.75,2.0,1.0,35.0,35.0
111,11112016_q45,q45,2016-11-11 00:00:00,2.0,0.9,0.1,50.0,50.0,446.0,6.0,346.0,0.83,2.0,1.0,35.0,35.0
112,11142016_q45,q45,2016-11-14 00:00:00,2.0,0.1,0.9,50.0,50.0,489.0,7.0,351.0,0.76,2.0,1.0,35.0,35.0
113,11152016_q45,q45,2016-11-15 00:00:00,2.0,0.1,0.9,50.0,50.0,473.0,6.0,341.0,0.78,2.0,1.0,35.0,35.0
114,11162016_q45,q45,2016-11-16 00:00:00,2.0,0.9,0.1,50.0,50.0,280.0,4.0,219.0,0.81,2.0,1.0,35.0,35.0
115,11172016_q45,q45,2016-11-17 00:00:00,2.0,0.8,0.2,30.0,40.0,347.0,6.0,217.0,0.69,5.0,1.0,35.0,35.0
116,11182016_q45,q45,2016-11-18 00:00:00,2.0,0.8,0.2,20.0,40.0,313.0,6.0,212.0,0.79,2.0,1.0,35.0,35.0
117,11212016_q45,q45,2016-11-21 00:00:00,2.0,0.8,0.2,50.0,50.0,535.0,7.0,364.0,0.81,2.0,1.0,35.0,35.0
118,11222016_q45,q45,2016-11-22 00:00:00,2.0,0.8,0.2,20.0,40.0,385.0,8.0,246.0,0.74,2.0,1.0,35.0,35.0
119,11292016_q45,q45,2016-11-29 00:00:00,2.0,0.9,0.1,50.0,50.0,495.0,7.0,376.0,0.84,2.0,1.0,35.0,35.0
120,11302016_q45,q45,2016-11-30 00:00:00,2.0,0.2,0.8,10.0,40.0,628.0,13.0,393.0,0.72,2.0,1.0,35.0,35.0
121,12012016_q45,q45,2016-12-01 00:00:00,2.0,0.8,0.2,10.0,40.0,603.0,15.0,360.0,0.69,2.0,1.0,35.0,35.0
122,12022016_q45,q45,2016-12-02 00:00:00,2.0,0.8,0.2,10.0,40.0,537.0,14.0,319.0,0.74,2.0,1.0,35.0,35.0
123,12052016_q45,q45,2016-12-05 00:00:00,2.0,0.8,0.2,10.0,40.0,513.0,13.0,334.0,0.75,2.0,1.0,35.0,35.0
124,12062016_q45,q45,2016-12-06 00:00:00,2.0,0.2,0.8,10.0,40.0,626.0,12.0,391.0,0.71,2.0,1.0,35.0,35.0
125,12072016_q45,q45,2016-12-07 00:00:00,2.0,0.7,0.3,10.0,40.0,450.0,10.0,269.0,0.69,2.0,1.0,35.0,35.0
126,12082016_q45,q45,2016-12-08 00:00:00,2.0,0.7,0.3,10.0,40.0,596.0,13.0,324.0,0.66,2.0,1.0,35.0,35.0
127,12092016_q45,q45,2016-12-09 00:00:00,2.0,0.3,0.7,10.0,40.0,608.0,13.0,344.0,0.71,2.0,1.0,35.0,35.0
128,12122016_q45,q45,2016-12-12 00:00:00,2.0,0.3,0.7,10.0,40.0,655.0,14.0,357.0,0.6,2.0,1.0,35.0,35.0
129,12132016_q45,q45,2016-12-13 00:00:00,2.0,0.7,0.3,10.0,40.0,475.0,9.0,242.0,0.59,2.0,1.0,35.0,35.0
130,12152016_q45,q45,2016-12-15 00:00:00,2.0,0.3,0.7,10.0,40.0,462.0,9.0,246.0,0.68,2.0,1.0,35.0,35.0
131,12162016_q45,q45,2016-12-16 00:00:00,2.0,0.7,0.3,10.0,40.0,295.0,7.0,179.0,0.71,2.0,1.0,35.0,35.0
132,09082016_q40,q40,2016-09-08 00:00:00,1.0,1.0,1.0,100.0,100.0,10.0,0.0,10.0,0.0,10.0,1.0,30.0,35.0
133,09092016_q40,q40,2016-09-09 00:00:00,1.0,0.8,0.8,100.0,100.0,30.0,0.0,26.0,0.0,10.0,1.0,30.0,35.0
134,09122016_q40,q40,2016-09-12 00:00:00,1.0,1.0,1.0,500.0,500.0,73.0,0.0,73.0,0.0,10.0,1.0,35.0,30.0
135,09132016_q40,q40,2016-09-13 00:00:00,1.0,0.0,0.0,50.0,50.0,90.0,1.0,50.0,0.0,5.0,1.0,35.0,30.0
136,09142016_q40,q40,2016-09-14 00:00:00,2.0,0.9,0.0,50.0,50.0,99.0,0.0,46.0,0.54,3.0,1.0,35.0,35.0
137,09152016_q40,q40,2016-09-15 00:00:00,2.0,0.1,0.9,50.0,50.0,94.0,0.0,39.0,0.43,3.0,1.0,35.0,35.0
138,09162016_q40,q40,2016-09-16 00:00:00,2.0,0.1,0.9,50.0,50.0,157.0,1.0,67.0,0.36,3.0,1.0,35.0,35.0
139,09192016_q40,q40,2016-09-19 00:00:00,2.0,0.9,0.0,50.0,50.0,81.0,0.0,29.0,0.41,3.0,1.0,35.0,35.0
140,09202016_q40,q40,2016-09-20 00:00:00,2.0,0.1,0.9,50.0,50.0,143.0,1.0,71.0,0.49,3.0,1.0,35.0,35.0
141,09212016_q40,q40,2016-09-21 00:00:00,2.0,0.9,0.1,50.0,50.0,215.0,2.0,121.0,0.53,2.0,1.0,45.0,40.0
142,09222016_q40,q40,2016-09-22 00:00:00,2.0,1.0,0.0,50.0,50.0,141.0,1.0,68.0,0.48,3.0,1.0,35.0,35.0
143,09232016_q40,q40,2016-09-23 00:00:00,2.0,0.0,1.0,50.0,50.0,151.0,1.0,76.0,0.5,3.0,1.0,35.0,35.0
144,09262016_q40,q40,2016-09-26 00:00:00,2.0,0.1,0.9,50.0,50.0,283.0,3.0,192.0,0.67,3.0,1.0,35.0,35.0
145,09272016_q40,q40,2016-09-27 00:00:00,2.0,1.0,0.0,50.0,50.0,253.0,3.0,174.0,0.69,3.0,1.0,35.0,35.0
146,09282016_q40,q40,2016-09-28 00:00:00,2.0,0.0,1.0,50.0,50.0,403.0,6.0,324.0,0.8,3.0,1.0,35.0,35.0
147,09292016_q40,q40,2016-09-29 00:00:00,2.0,0.9,0.1,50.0,50.0,459.0,6.0,333.0,0.8,2.0,1.0,35.0,35.0
148,09302016_q40,q40,2016-09-30 00:00:00,2.0,0.9,0.1,50.0,50.0,449.0,6.0,345.0,0.83,2.0,1.0,35.0,35.0
149,10042016_q40,q40,2016-10-04 00:00:00,2.0,0.1,0.9,50.0,50.0,442.0,7.0,353.0,0.86,2.0,1.0,35.0,35.0
150,10052016_q40,q40,2016-10-05 00:00:00,2.0,0.1,0.9,50.0,50.0,464.0,7.0,364.0,0.86,2.0,1.0,35.0,35.0
151,10062016_q40,q40,2016-10-06 00:00:00,2.0,0.9,0.1,50.0,50.0,429.0,6.0,332.0,0.85,2.0,1.0,35.0,35.0
152,10112016_q40,q40,2016-10-11 00:00:00,2.0,0.9,0.1,50.0,50.0,507.0,8.0,406.0,0.85,2.0,1.0,35.0,35.0
153,10122016_q40,q40,2016-10-12 00:00:00,2.0,0.1,0.9,50.0,50.0,460.0,7.0,360.0,0.86,2.0,1.0,35.0,35.0
154,10132016_q40,q40,2016-10-13 00:00:00,2.0,0.2,0.8,50.0,50.0,541.0,6.0,344.0,0.79,2.0,1.0,35.0,35.0
155,10142016_q40,q40,2016-10-14 00:00:00,2.0,0.8,0.2,50.0,50.0,656.0,9.0,467.0,0.81,2.0,1.0,35.0,35.0
156,10172016_q40,q40,2016-10-17 00:00:00,2.0,0.1,0.9,10.0,50.0,588.0,13.0,425.0,0.8,2.0,1.0,35.0,35.0
157,10182016_q40,q40,2016-10-18 00:00:00,2.0,0.9,0.1,10.0,50.0,577.0,14.0,426.0,0.79,2.0,1.0,35.0,35.0
158,10192016_q40,q40,2016-10-19 00:00:00,2.0,0.8,0.2,50.0,50.0,229.0,3.0,163.0,0.82,2.0,1.0,35.0,35.0
159,07222016_dumble,dumble,2016-07-22 00:00:00,2.0,0.8,0.2,50.0,50.0,548.0,7.0,386.0,0.83,2.0,1.0,45.0,40.0
160,07222016_harry,harry,2016-07-22 00:00:00,2.0,0.8,0.2,50.0,50.0,589.0,7.0,398.0,0.81,2.0,1.0,45.0,40.0
161,07222016_quirrel,quirrel,2016-07-22 00:00:00,2.0,0.8,0.2,50.0,50.0,582.0,7.0,370.0,0.78,2.0,1.0,45.0,40.0
162,07222016_sprout,sprout,2016-07-22 00:00:00,2.0,0.2,0.8,50.0,50.0,790.0,10.0,529.0,0.79,2.0,1.0,45.0,40.0
163,07222016_tom,tom,2016-07-22 00:00:00,2.0,0.8,0.2,50.0,50.0,562.0,7.0,387.0,0.79,2.0,1.0,45.0,40.0
164,07222016_tonks,tonks,2016-07-22 00:00:00,2.0,0.2,0.8,50.0,50.0,592.0,8.0,402.0,0.78,2.0,1.0,45.0,40.0
165,07222016_volde,volde,2016-07-22 00:00:00,2.0,0.8,0.2,50.0,50.0,426.0,5.0,270.0,0.77,2.0,1.0,45.0,40.0
166,07252016_dumble,dumble,2016-07-25 00:00:00,2.0,0.8,0.2,50.0,50.0,579.0,7.0,392.0,0.83,2.0,1.0,45.0,40.0
167,07252016_harry,harry,2016-07-25 00:00:00,2.0,0.2,0.8,50.0,50.0,579.0,8.0,419.0,0.88,2.0,1.0,45.0,40.0
168,07252016_quirrel,quirrel,2016-07-25 00:00:00,2.0,0.7,0.3,50.0,50.0,632.0,7.0,375.0,0.82,2.0,1.0,45.0,40.0
169,07252016_sprout,sprout,2016-07-25 00:00:00,2.0,0.3,0.7,50.0,50.0,710.0,8.0,429.0,0.71,2.0,1.0,45.0,40.0
170,07252016_tom,tom,2016-07-25 00:00:00,2.0,0.8,0.2,50.0,50.0,261.0,3.0,174.0,0.76,2.0,1.0,45.0,40.0
171,07252016_tonks,tonks,2016-07-25 00:00:00,2.0,0.2,0.8,50.0,50.0,575.0,8.0,415.0,0.82,2.0,1.0,45.0,40.0
172,07252016_volde,volde,2016-07-25 00:00:00,2.0,0.2,0.8,50.0,50.0,60.0,0.0,30.0,0.57,2.0,1.0,45.0,40.0
173,07262016_harry,harry,2016-07-26 00:00:00,2.0,0.2,0.8,50.0,50.0,569.0,8.0,411.0,0.83,2.0,1.0,45.0,40.0
174,07262016_quirrel,quirrel,2016-07-26 00:00:00,2.0,0.8,0.2,50.0,50.0,560.0,7.0,389.0,0.82,2.0,1.0,45.0,40.0
175,07262016_sprout,sprout,2016-07-26 00:00:00,2.0,0.7,0.3,50.0,50.0,597.0,7.0,361.0,0.75,2.0,1.0,45.0,40.0
176,07262016_tom,tom,2016-07-26 00:00:00,2.0,0.3,0.7,50.0,50.0,598.0,6.0,347.0,0.75,2.0,1.0,45.0,40.0
177,07262016_tonks,tonks,2016-07-26 00:00:00,2.0,0.7,0.3,50.0,50.0,612.0,7.0,353.0,0.77,2.0,1.0,45.0,40.0
178,07262016_volde,volde,2016-07-26 00:00:00,2.0,0.7,0.3,50.0,50.0,424.0,4.0,250.0,0.74,2.0,1.0,45.0,40.0
179,07272016_dumble,dumble,2016-07-27 00:00:00,2.0,0.3,0.7,50.0,50.0,343.0,4.0,207.0,0.8,2.0,1.0,40.0,40.0
180,07272016_harry,harry,2016-07-27 00:00:00,2.0,0.3,0.7,50.0,50.0,537.0,6.0,329.0,0.75,2.0,1.0,45.0,40.0
181,07272016_quirrel,quirrel,2016-07-27 00:00:00,2.0,0.7,0.3,50.0,50.0,441.0,5.0,281.0,0.78,2.0,1.0,45.0,40.0
182,07272016_sprout,sprout,2016-07-27 00:00:00,2.0,0.7,0.3,50.0,50.0,392.0,5.0,262.0,0.74,2.0,1.0,45.0,40.0
183,07272016_tom,tom,2016-07-27 00:00:00,2.0,0.7,0.3,50.0,50.0,480.0,5.0,292.0,0.86,2.0,1.0,45.0,40.0
184,07272016_tonks,tonks,2016-07-27 00:00:00,2.0,0.7,0.3,50.0,50.0,440.0,5.0,254.0,0.68,2.0,1.0,45.0,40.0
185,07272016_volde,volde,2016-07-27 00:00:00,2.0,0.7,0.3,50.0,50.0,416.0,5.0,253.0,0.71,2.0,1.0,45.0,40.0
186,07282016_dumble,dumble,2016-07-28 00:00:00,2.0,,0.7,50.0,50.0,539.0,4.0,229.0,0.0,2.0,1.0,45.0,40.0
187,07282016_harry,harry,2016-07-28 00:00:00,2.0,0.3,0.7,50.0,50.0,643.0,8.0,412.0,0.81,2.0,1.0,45.0,40.0
188,07282016_quirrel,quirrel,2016-07-28 00:00:00,2.0,0.7,0.3,50.0,50.0,649.0,7.0,374.0,0.8,2.0,1.0,45.0,40.0
189,07282016_sprout,sprout,2016-07-28 00:00:00,2.0,0.7,0.3,50.0,50.0,601.0,7.0,362.0,0.78,2.0,1.0,45.0,40.0
190,07282016_tom,tom,2016-07-28 00:00:00,2.0,0.3,0.7,50.0,50.0,640.0,8.0,404.0,0.75,2.0,1.0,45.0,40.0
191,07282016_tonks,tonks,2016-07-28 00:00:00,2.0,0.7,0.3,50.0,50.0,724.0,9.0,451.0,0.8,2.0,1.0,45.0,40.0
192,07282016_volde,volde,2016-07-28 00:00:00,2.0,0.3,0.7,50.0,50.0,571.0,6.0,346.0,0.74,2.0,1.0,40.0,40.0
193,07292016_dumble,dumble,2016-07-29 00:00:00,2.0,0.1,0.9,50.0,50.0,485.0,8.0,400.0,0.9,2.0,1.0,45.0,40.0
194,07292016_harry,harry,2016-07-29 00:00:00,2.0,0.9,0.1,50.0,50.0,574.0,9.0,469.0,0.88,2.0,1.0,45.0,40.0
195,07292016_quirrel,quirrel,2016-07-29 00:00:00,2.0,0.9,0.1,50.0,50.0,464.0,7.0,364.0,0.88,2.0,1.0,45.0,40.0
196,07292016_sprout,sprout,2016-07-29 00:00:00,2.0,0.1,0.9,50.0,50.0,502.0,8.0,405.0,0.88,2.0,1.0,40.0,40.0
197,07292016_tom,tom,2016-07-29 00:00:00,2.0,0.1,0.9,50.0,50.0,661.0,10.0,499.0,0.84,2.0,1.0,40.0,40.0
198,07292016_tonks,tonks,2016-07-29 00:00:00,2.0,0.1,0.9,50.0,50.0,520.0,8.0,402.0,0.85,2.0,1.0,45.0,40.0
199,07292016_volde,volde,2016-07-29 00:00:00,2.0,0.1,0.9,50.0,50.0,508.0,8.0,400.0,0.89,2.0,1.0,40.0,40.0
200,08012016_dumble,dumble,2016-08-01 00:00:00,2.0,1.0,0.0,50.0,50.0,466.0,8.0,410.0,0.88,2.0,1.0,45.0,40.0
201,08012016_harry,harry,2016-08-01 00:00:00,2.0,1.0,0.0,50.0,50.0,448.0,8.0,422.0,0.94,2.0,1.0,45.0,40.0
202,08012016_quirrel,quirrel,2016-08-01 00:00:00,2.0,1.0,0.0,50.0,50.0,438.0,8.0,400.0,0.91,2.0,1.0,45.0,40.0
203,08012016_sprout,sprout,2016-08-01 00:00:00,2.0,1.0,0.0,50.0,50.0,473.0,8.0,405.0,0.86,2.0,1.0,40.0,40.0
204,08012016_tom,tom,2016-08-01 00:00:00,2.0,1.0,0.0,50.0,50.0,477.0,8.0,425.0,0.89,2.0,1.0,40.0,40.0
205,08012016_tonks,tonks,2016-08-01 00:00:00,2.0,1.0,0.0,50.0,50.0,451.0,8.0,404.0,0.9,2.0,1.0,40.0,40.0
206,08012016_volde,volde,2016-08-01 00:00:00,2.0,0.0,1.0,50.0,50.0,505.0,9.0,455.0,0.9,2.0,1.0,40.0,40.0
207,08022016_dumble,dumble,2016-08-02 00:00:00,2.0,0.8,0.5,50.0,50.0,642.0,0.0,347.0,0.66,2.0,1.0,45.0,40.0
208,08022016_harry,harry,2016-08-02 00:00:00,2.0,0.8,0.5,50.0,50.0,624.0,0.0,317.0,0.66,2.0,1.0,45.0,40.0
209,08022016_quirrel,quirrel,2016-08-02 00:00:00,2.0,0.2,0.5,50.0,50.0,648.0,0.0,369.0,0.69,2.0,1.0,45.0,40.0
210,08022016_sprout,sprout,2016-08-02 00:00:00,2.0,0.2,0.5,50.0,50.0,617.0,0.0,357.0,0.76,2.0,1.0,35.0,40.0
211,08022016_tom,tom,2016-08-02 00:00:00,2.0,0.2,0.5,50.0,50.0,587.0,0.0,284.0,0.67,2.0,1.0,35.0,40.0
212,08022016_tonks,tonks,2016-08-02 00:00:00,2.0,0.2,0.5,50.0,50.0,747.0,0.0,384.0,0.65,2.0,1.0,35.0,40.0
213,08022016_volde,volde,2016-08-02 00:00:00,2.0,0.2,0.5,50.0,50.0,607.0,0.0,360.0,0.77,2.0,1.0,35.0,40.0
214,08032016_dumble,dumble,2016-08-03 00:00:00,2.0,0.8,0.2,40.0,60.0,631.0,4.0,356.0,0.72,2.0,1.0,45.0,40.0
215,08032016_harry,harry,2016-08-03 00:00:00,2.0,0.5,0.2,40.0,60.0,686.0,9.0,466.0,0.87,2.0,1.0,45.0,40.0
216,08032016_quirrel,quirrel,2016-08-03 00:00:00,2.0,0.5,0.8,40.0,60.0,583.0,8.0,393.0,0.77,2.0,1.0,45.0,40.0
217,08032016_sprout,sprout,2016-08-03 00:00:00,2.0,0.7,0.3,40.0,60.0,555.0,6.0,360.0,0.8,2.0,1.0,35.0,40.0
218,08032016_tom,tom,2016-08-03 00:00:00,2.0,0.5,0.8,40.0,60.0,595.0,7.0,430.0,0.92,2.0,1.0,35.0,40.0
219,08032016_tonks,tonks,2016-08-03 00:00:00,2.0,0.5,0.2,40.0,60.0,531.0,7.0,360.0,0.88,2.0,1.0,45.0,40.0
220,08032016_volde,volde,2016-08-03 00:00:00,2.0,0.8,0.2,40.0,60.0,622.0,7.0,402.0,0.84,2.0,1.0,35.0,40.0
221,08042016_dumble,dumble,2016-08-04 00:00:00,2.0,0.8,0.2,40.0,60.0,643.0,7.0,397.0,0.72,2.0,1.0,45.0,40.0
222,08042016_harry,harry,2016-08-04 00:00:00,2.0,0.8,0.2,40.0,60.0,698.0,6.0,434.0,0.87,2.0,1.0,45.0,40.0
223,08042016_quirrel,quirrel,2016-08-04 00:00:00,2.0,0.8,0.2,40.0,60.0,517.0,6.0,378.0,0.87,2.0,1.0,45.0,40.0
224,08042016_sprout,sprout,2016-08-04 00:00:00,2.0,0.0,1.0,40.0,60.0,514.0,5.0,272.0,0.71,2.0,1.0,35.0,40.0
225,08042016_tom,tom,2016-08-04 00:00:00,2.0,0.0,1.0,40.0,60.0,588.0,7.0,386.0,0.82,2.0,1.0,35.0,40.0
226,08042016_tonks,tonks,2016-08-04 00:00:00,2.0,0.7,0.3,40.0,60.0,681.0,8.0,465.0,0.82,2.0,1.0,35.0,40.0
227,08042016_volde,volde,2016-08-04 00:00:00,2.0,0.0,1.0,40.0,60.0,514.0,6.0,340.0,0.89,2.0,1.0,35.0,40.0
228,08052016_dumble,dumble,2016-08-05 00:00:00,2.0,0.4,0.2,40.0,60.0,513.0,4.0,290.0,0.71,2.0,1.0,45.0,40.0
229,08052016_harry,harry,2016-08-05 00:00:00,2.0,0.6,0.9,40.0,60.0,612.0,5.0,363.0,0.77,2.0,1.0,45.0,40.0
230,08052016_quirrel,quirrel,2016-08-05 00:00:00,2.0,0.4,0.2,40.0,60.0,309.0,2.0,193.0,0.77,2.0,1.0,45.0,40.0
231,08052016_sprout,sprout,2016-08-05 00:00:00,2.0,0.4,0.2,40.0,60.0,570.0,6.0,337.0,0.76,2.0,1.0,45.0,40.0
232,08052016_tom,tom,2016-08-05 00:00:00,2.0,0.7,0.4,40.0,60.0,455.0,4.0,270.0,0.75,2.0,1.0,45.0,40.0
233,08052016_tonks,tonks,2016-08-05 00:00:00,2.0,0.4,0.2,40.0,60.0,565.0,5.0,321.0,0.75,2.0,1.0,35.0,40.0
234,08052016_volde,volde,2016-08-05 00:00:00,2.0,0.6,0.9,40.0,60.0,512.0,5.0,266.0,0.55,2.0,1.0,35.0,40.0
235,08082016_dumble,dumble,2016-08-08 00:00:00,2.0,0.7,0.4,40.0,60.0,632.0,7.0,412.0,0.74,2.0,1.0,40.0,40.0
236,08082016_harry,harry,2016-08-08 00:00:00,2.0,0.3,0.8,40.0,60.0,606.0,6.0,382.0,0.78,2.0,1.0,40.0,40.0
237,08082016_quirrel,quirrel,2016-08-08 00:00:00,2.0,0.6,0.9,40.0,60.0,623.0,5.0,351.0,0.63,2.0,1.0,40.0,40.0
238,08082016_sprout,sprout,2016-08-08 00:00:00,2.0,0.4,0.2,40.0,60.0,566.0,5.0,318.0,0.71,2.0,1.0,30.0,40.0
239,08082016_tom,tom,2016-08-08 00:00:00,2.0,0.7,0.8,40.0,60.0,650.0,6.0,372.0,0.67,2.0,1.0,30.0,40.0
240,08082016_tonks,tonks,2016-08-08 00:00:00,2.0,0.7,0.8,40.0,60.0,591.0,6.0,311.0,0.7,2.0,1.0,30.0,40.0
241,08082016_volde,volde,2016-08-08 00:00:00,2.0,0.7,0.8,40.0,60.0,550.0,5.0,353.0,0.69,2.0,1.0,40.0,40.0
242,08092016_dumble,dumble,2016-08-09 00:00:00,2.0,0.4,0.9,40.0,60.0,529.0,5.0,358.0,0.75,2.0,1.0,40.0,40.0
243,08092016_harry,harry,2016-08-09 00:00:00,2.0,0.8,0.4,40.0,60.0,576.0,7.0,368.0,0.62,2.0,1.0,40.0,40.0
244,08092016_quirrel,quirrel,2016-08-09 00:00:00,2.0,0.9,0.7,40.0,60.0,589.0,7.0,378.0,0.82,2.0,1.0,40.0,40.0
245,08092016_sprout,sprout,2016-08-09 00:00:00,2.0,0.7,0.9,40.0,60.0,627.0,7.0,397.0,0.6,2.0,1.0,45.0,45.0
246,08092016_tom,tom,2016-08-09 00:00:00,2.0,0.5,0.3,40.0,60.0,567.0,6.0,390.0,0.81,2.0,1.0,45.0,45.0
247,08092016_tonks,tonks,2016-08-09 00:00:00,2.0,0.5,0.3,40.0,60.0,488.0,5.0,305.0,0.71,2.0,1.0,45.0,45.0
248,08092016_volde,volde,2016-08-09 00:00:00,2.0,0.7,0.9,40.0,60.0,558.0,7.0,392.0,0.76,2.0,1.0,45.0,45.0
249,08102016_dumble,dumble,2016-08-10 00:00:00,2.0,0.9,0.7,40.0,60.0,621.0,7.0,401.0,0.76,2.0,1.0,45.0,40.0
250,08102016_harry,harry,2016-08-10 00:00:00,2.0,0.4,0.9,40.0,60.0,598.0,6.0,402.0,0.83,2.0,1.0,45.0,40.0
251,08102016_quirrel,quirrel,2016-08-10 00:00:00,2.0,0.4,0.9,40.0,60.0,575.0,7.0,394.0,0.78,2.0,1.0,40.0,40.0
252,08102016_sprout,sprout,2016-08-10 00:00:00,2.0,0.9,0.4,40.0,60.0,677.0,7.0,406.0,0.62,2.0,1.0,35.0,40.0
253,08102016_tom,tom,2016-08-10 00:00:00,2.0,0.9,0.4,40.0,60.0,587.0,6.0,400.0,0.79,2.0,1.0,35.0,40.0
254,08102016_tonks,tonks,2016-08-10 00:00:00,2.0,0.7,0.9,40.0,60.0,635.0,7.0,398.0,0.69,2.0,1.0,35.0,40.0
255,08102016_volde,volde,2016-08-10 00:00:00,2.0,0.7,0.9,40.0,60.0,593.0,6.0,408.0,0.7,2.0,1.0,35.0,40.0
256,08112016_dumble,dumble,2016-08-11 00:00:00,2.0,0.7,0.5,80.0,100.0,539.0,3.0,341.0,0.72,2.0,1.0,30.0,25.0
257,08112016_harry,harry,2016-08-11 00:00:00,2.0,0.4,0.5,80.0,100.0,525.0,2.0,355.0,0.72,2.0,1.0,30.0,25.0
258,08112016_quirrel,quirrel,2016-08-11 00:00:00,2.0,0.2,0.9,80.0,100.0,557.0,3.0,386.0,0.72,2.0,1.0,30.0,25.0
259,08112016_sprout,sprout,2016-08-11 00:00:00,2.0,0.2,0.9,80.0,100.0,549.0,2.0,364.0,0.66,2.0,1.0,30.0,30.0
260,08112016_tom,tom,2016-08-11 00:00:00,2.0,0.7,0.5,80.0,100.0,626.0,3.0,445.0,0.85,2.0,1.0,30.0,30.0
261,08112016_tonks,tonks,2016-08-11 00:00:00,2.0,0.3,0.9,80.0,100.0,543.0,4.0,355.0,0.77,2.0,1.0,30.0,30.0
262,08112016_volde,volde,2016-08-11 00:00:00,2.0,0.5,0.4,80.0,100.0,530.0,4.0,347.0,0.82,2.0,1.0,30.0,30.0
263,08122016_dumble,dumble,2016-08-12 00:00:00,2.0,0.3,0.9,80.0,100.0,538.0,4.0,375.0,0.74,2.0,1.0,25.0,25.0
264,08122016_harry,harry,2016-08-12 00:00:00,2.0,0.3,0.9,80.0,100.0,651.0,4.0,398.0,0.66,2.0,1.0,25.0,25.0
265,08122016_quirrel,quirrel,2016-08-12 00:00:00,2.0,0.3,0.9,80.0,100.0,536.0,4.0,365.0,0.7,2.0,1.0,25.0,25.0
266,08122016_sprout,sprout,2016-08-12 00:00:00,2.0,0.9,0.3,80.0,100.0,568.0,4.0,350.0,0.82,2.0,1.0,30.0,30.0
267,08122016_tom,tom,2016-08-12 00:00:00,2.0,0.9,0.3,80.0,100.0,583.0,4.0,400.0,0.69,2.0,1.0,30.0,30.0
268,08122016_tonks,tonks,2016-08-12 00:00:00,2.0,0.9,0.3,80.0,100.0,602.0,4.0,404.0,0.74,2.0,1.0,30.0,30.0
269,08122016_volde,volde,2016-08-12 00:00:00,2.0,0.9,0.3,80.0,100.0,545.0,4.0,358.0,0.69,2.0,1.0,30.0,30.0
270,08152016_dumble,dumble,2016-08-15 00:00:00,2.0,0.9,0.8,80.0,100.0,763.0,4.0,416.0,0.6,2.0,1.0,25.0,25.0
271,08152016_harry,harry,2016-08-15 00:00:00,2.0,0.9,0.8,80.0,100.0,710.0,4.0,370.0,0.57,2.0,1.0,25.0,25.0
272,08152016_quirrel,quirrel,2016-08-15 00:00:00,2.0,0.9,0.8,80.0,100.0,627.0,4.0,364.0,0.62,2.0,1.0,25.0,25.0
273,08152016_sprout,sprout,2016-08-15 00:00:00,1.0,0.7,0.7,80.0,100.0,750.0,4.0,376.0,0.49,2.0,1.0,25.0,30.0
274,08152016_tom,tom,2016-08-15 00:00:00,1.0,0.7,0.7,80.0,100.0,817.0,4.0,395.0,0.46,2.0,1.0,25.0,30.0
275,08152016_tonks,tonks,2016-08-15 00:00:00,1.0,0.7,0.7,80.0,100.0,725.0,4.0,366.0,0.53,2.0,1.0,25.0,30.0
276,08152016_volde,volde,2016-08-15 00:00:00,1.0,0.7,0.7,80.0,100.0,693.0,4.0,379.0,0.4,2.0,1.0,25.0,30.0
277,08162016_dumble,dumble,2016-08-16 00:00:00,2.0,0.9,0.8,80.0,100.0,729.0,4.0,375.0,0.65,2.0,1.0,25.0,25.0
278,08162016_harry,harry,2016-08-16 00:00:00,2.0,0.9,0.8,80.0,100.0,739.0,4.0,426.0,0.6,2.0,1.0,25.0,25.0
279,08162016_quirrel,quirrel,2016-08-16 00:00:00,2.0,0.9,0.8,80.0,100.0,722.0,4.0,390.0,0.66,2.0,1.0,25.0,25.0
280,08162016_sprout,sprout,2016-08-16 00:00:00,1.0,0.7,0.7,80.0,100.0,750.0,4.0,433.0,0.54,2.0,1.0,25.0,30.0
281,08162016_tom,tom,2016-08-16 00:00:00,1.0,0.7,0.7,80.0,100.0,658.0,4.0,361.0,0.5,2.0,1.0,25.0,30.0
282,08162016_tonks,tonks,2016-08-16 00:00:00,1.0,0.7,0.7,80.0,100.0,756.0,4.0,400.0,0.57,2.0,1.0,25.0,25.0
283,08162016_volde,volde,2016-08-16 00:00:00,1.0,0.7,0.7,80.0,100.0,748.0,4.0,391.0,0.52,2.0,1.0,25.0,30.0
284,08192016_dumble,dumble,2016-08-19 00:00:00,2.0,0.9,0.8,50.0,50.0,438.0,4.0,250.0,0.4,2.0,1.0,25.0,25.0
285,08192016_harry,harry,2016-08-19 00:00:00,2.0,0.9,0.8,50.0,50.0,401.0,4.0,249.0,0.61,2.0,1.0,25.0,25.0
286,08192016_quirrel,quirrel,2016-08-19 00:00:00,2.0,1.0,0.0,50.0,50.0,451.0,8.0,402.0,0.89,2.0,1.0,25.0,25.0
287,08192016_sprout,sprout,2016-08-19 00:00:00,1.0,0.7,0.7,50.0,50.0,533.0,4.0,249.0,0.46,2.0,1.0,25.0,30.0
288,08192016_tom,tom,2016-08-19 00:00:00,2.0,1.0,0.0,50.0,50.0,455.0,8.0,405.0,0.89,2.0,1.0,25.0,30.0
289,08192016_tonks,tonks,2016-08-19 00:00:00,1.0,0.7,0.7,50.0,50.0,489.0,4.0,250.0,0.34,2.0,1.0,25.0,30.0
290,08192016_volde,volde,2016-08-19 00:00:00,2.0,1.0,0.0,50.0,50.0,451.0,8.0,400.0,0.89,2.0,1.0,25.0,30.0
291,08232016_dumble,dumble,2016-08-23 00:00:00,2.0,0.0,1.0,50.0,50.0,457.0,8.0,400.0,0.88,2.0,1.0,25.0,25.0
292,08232016_harry,harry,2016-08-23 00:00:00,2.0,0.0,1.0,50.0,50.0,441.0,8.0,400.0,0.91,2.0,1.0,25.0,25.0
293,08232016_quirrel,quirrel,2016-08-23 00:00:00,2.0,0.0,1.0,50.0,50.0,467.0,8.0,403.0,0.86,2.0,1.0,25.0,25.0
294,08232016_sprout,sprout,2016-08-23 00:00:00,2.0,0.0,1.0,50.0,50.0,572.0,10.0,508.0,0.89,2.0,1.0,25.0,30.0
295,08232016_tom,tom,2016-08-23 00:00:00,2.0,0.0,1.0,50.0,50.0,433.0,8.0,400.0,0.93,2.0,1.0,25.0,30.0
296,08232016_tonks,tonks,2016-08-23 00:00:00,2.0,1.0,0.0,50.0,50.0,516.0,9.0,460.0,0.89,2.0,1.0,25.0,30.0
297,08232016_volde,volde,2016-08-23 00:00:00,2.0,0.0,1.0,50.0,50.0,459.0,8.0,401.0,0.87,2.0,1.0,25.0,30.0
298,08242016_dumble,dumble,2016-08-24 00:00:00,2.0,0.0,0.5,50.0,50.0,620.0,0.0,389.0,0.88,2.0,1.0,25.0,25.0
299,08242016_harry,harry,2016-08-24 00:00:00,2.0,0.5,0.0,50.0,50.0,614.0,7.0,356.0,0.75,2.0,1.0,25.0,25.0
300,08242016_quirrel,quirrel,2016-08-24 00:00:00,2.0,1.0,0.5,50.0,50.0,694.0,0.0,405.0,0.73,2.0,1.0,25.0,25.0
301,08242016_sprout,sprout,2016-08-24 00:00:00,2.0,0.5,1.0,50.0,50.0,705.0,6.0,341.0,0.59,2.0,1.0,25.0,25.0
302,08242016_tom,tom,2016-08-24 00:00:00,2.0,0.5,1.0,50.0,50.0,754.0,8.0,417.0,0.8,2.0,1.0,25.0,25.0
303,08242016_tonks,tonks,2016-08-24 00:00:00,2.0,0.5,1.0,50.0,50.0,737.0,8.0,403.0,0.69,2.0,1.0,25.0,25.0
304,08242016_volde,volde,2016-08-24 00:00:00,2.0,0.5,0.0,50.0,50.0,692.0,7.0,391.0,0.76,2.0,1.0,25.0,25.0
305,08252016_dumble,dumble,2016-08-25 00:00:00,2.0,0.0,0.5,50.0,50.0,637.0,0.0,394.0,0.81,2.0,1.0,25.0,25.0
306,08252016_harry,harry,2016-08-25 00:00:00,2.0,1.0,0.5,50.0,50.0,621.0,0.0,328.0,0.66,2.0,1.0,25.0,25.0
307,08252016_quirrel,quirrel,2016-08-25 00:00:00,2.0,0.0,0.5,50.0,50.0,660.0,0.0,388.0,0.78,2.0,1.0,25.0,25.0
308,08252016_sprout,sprout,2016-08-25 00:00:00,2.0,0.0,0.5,50.0,50.0,514.0,0.0,265.0,0.72,2.0,1.0,25.0,25.0
309,08252016_tom,tom,2016-08-25 00:00:00,2.0,0.0,0.5,50.0,50.0,683.0,0.0,395.0,0.78,2.0,1.0,25.0,25.0
310,08252016_tonks,tonks,2016-08-25 00:00:00,2.0,1.0,0.5,50.0,50.0,827.0,0.0,434.0,0.76,2.0,1.0,25.0,25.0
311,08252016_volde,volde,2016-08-25 00:00:00,2.0,0.0,0.5,50.0,50.0,589.0,0.0,291.0,0.63,2.0,1.0,25.0,25.0
312,08262016_sprout,sprout,2016-08-26 00:00:00,2.0,0.5,0.0,50.0,50.0,675.0,7.0,367.0,0.73,2.0,1.0,25.0,25.0
313,08262016_tom,tom,2016-08-26 00:00:00,2.0,0.5,0.0,50.0,50.0,74.0,1.0,52.0,0.82,2.0,1.0,25.0,25.0
314,08262016_tonks,tonks,2016-08-26 00:00:00,2.0,0.5,1.0,50.0,50.0,729.0,7.0,398.0,0.78,2.0,1.0,25.0,25.0
315,08262016_volde,volde,2016-08-26 00:00:00,2.0,0.5,0.0,50.0,50.0,698.0,7.0,399.0,0.77,2.0,1.0,25.0,25.0
316,06052016_dumble,dumble,2016-06-05 00:00:00,2.0,0.0,1.0,50.0,50.0,8.0,0.0,2.0,0.25,10.0,0.5,45.0,40.0
317,06052016_harry,harry,2016-06-05 00:00:00,2.0,0.0,1.0,50.0,50.0,20.0,0.0,15.0,0.75,10.0,0.5,45.0,40.0
318,06052016_myrtle,myrtle,2016-06-05 00:00:00,2.0,0.0,1.0,50.0,50.0,1.0,0.0,0.0,0.0,10.0,0.5,45.0,40.0
319,06052016_quirrel,quirrel,2016-06-05 00:00:00,2.0,0.0,1.0,50.0,50.0,4.0,0.0,2.0,0.5,10.0,0.5,45.0,40.0
320,06052016_tom,tom,2016-06-05 00:00:00,2.0,0.0,1.0,50.0,50.0,45.0,0.0,42.0,0.93,10.0,0.5,25.0,40.0
321,06062016_dumble,dumble,2016-06-06 00:00:00,1.0,1.0,1.0,50.0,50.0,65.0,1.0,50.0,0.0,10.0,0.5,45.0,40.0
322,06062016_harry,harry,2016-06-06 00:00:00,1.0,1.0,1.0,50.0,50.0,65.0,1.0,50.0,0.0,10.0,0.5,45.0,40.0
323,06062016_myrtle,myrtle,2016-06-06 00:00:00,1.0,1.0,1.0,50.0,50.0,1.0,0.0,1.0,0.0,10.0,0.5,45.0,40.0
324,06062016_quirrel,quirrel,2016-06-06 00:00:00,1.0,1.0,1.0,50.0,50.0,4.0,0.0,4.0,0.0,10.0,0.5,45.0,40.0
325,06062016_tom,tom,2016-06-06 00:00:00,1.0,1.0,1.0,50.0,50.0,59.0,1.0,50.0,0.0,10.0,0.5,35.0,45.0
326,06062016_tonks,tonks,2016-06-06 00:00:00,1.0,1.0,1.0,50.0,50.0,26.0,0.0,26.0,0.0,10.0,0.5,35.0,45.0
327,06062016_volde,volde,2016-06-06 00:00:00,1.0,1.0,1.0,50.0,50.0,12.0,0.0,12.0,0.0,10.0,0.5,35.0,45.0
328,06072016_dumble,dumble,2016-06-07 00:00:00,2.0,0.0,1.0,50.0,50.0,52.0,0.0,35.0,0.67,10.0,0.5,35.0,30.0
329,06072016_harry,harry,2016-06-07 00:00:00,2.0,1.0,0.0,50.0,50.0,16.0,0.0,1.0,0.06,10.0,0.5,35.0,30.0
330,06072016_myrtle,myrtle,2016-06-07 00:00:00,1.0,1.0,1.0,1000.0,1000.0,1.0,0.0,1.0,0.0,10.0,0.5,35.0,30.0
331,06072016_quirrel,quirrel,2016-06-07 00:00:00,1.0,1.0,1.0,1000.0,1000.0,7.0,0.0,7.0,0.0,10.0,0.5,35.0,30.0
332,06072016_sprout,sprout,2016-06-07 00:00:00,1.0,1.0,1.0,1000.0,1000.0,1.0,0.0,1.0,0.0,10.0,0.5,40.0,45.0
333,06072016_tom,tom,2016-06-07 00:00:00,2.0,1.0,0.0,50.0,50.0,15.0,0.0,0.0,0.0,10.0,0.5,40.0,45.0
334,06072016_tonks,tonks,2016-06-07 00:00:00,2.0,0.0,1.0,50.0,50.0,16.0,0.0,9.0,0.56,10.0,0.5,40.0,45.0
335,06072016_volde,volde,2016-06-07 00:00:00,2.0,0.0,1.0,50.0,50.0,9.0,0.0,5.0,0.56,10.0,0.5,40.0,45.0
336,06082016_harry,harry,2016-06-08 00:00:00,2.0,1.0,0.0,50.0,50.0,8.0,0.0,2.0,0.25,10.0,0.5,35.0,30.0
337,06082016_myrtle,myrtle,2016-06-08 00:00:00,1.0,1.0,1.0,1000.0,1000.0,2.0,0.0,2.0,0.0,10.0,0.5,35.0,30.0
338,06082016_quirrel,quirrel,2016-06-08 00:00:00,1.0,1.0,1.0,1000.0,1000.0,21.0,0.0,21.0,0.0,10.0,0.5,35.0,30.0
339,06082016_sprout,sprout,2016-06-08 00:00:00,1.0,1.0,1.0,1000.0,1000.0,23.0,0.0,23.0,0.0,10.0,0.5,40.0,45.0
340,06082016_tom,tom,2016-06-08 00:00:00,2.0,1.0,0.0,50.0,50.0,7.0,0.0,0.0,0.0,10.0,0.5,40.0,45.0
341,06082016_tonks,tonks,2016-06-08 00:00:00,2.0,0.0,1.0,50.0,50.0,11.0,0.0,10.0,0.91,10.0,0.5,40.0,45.0
342,06082016_volde,volde,2016-06-08 00:00:00,2.0,0.0,1.0,50.0,50.0,7.0,0.0,6.0,0.86,10.0,0.5,40.0,45.0
343,06092016_dumble,dumble,2016-06-09 00:00:00,2.0,1.0,0.0,50.0,50.0,189.0,2.0,104.0,0.55,10.0,0.5,40.0,30.0
344,06092016_harry,harry,2016-06-09 00:00:00,1.0,1.0,1.0,1000.0,1000.0,56.0,0.0,56.0,0.0,10.0,0.5,40.0,30.0
345,06092016_quirrel,quirrel,2016-06-09 00:00:00,1.0,1.0,1.0,1000.0,1000.0,51.0,0.0,51.0,0.0,10.0,0.5,40.0,30.0
346,06092016_sprout,sprout,2016-06-09 00:00:00,1.0,1.0,1.0,1000.0,1000.0,86.0,0.0,86.0,0.0,10.0,0.5,40.0,45.0
347,06092016_tom,tom,2016-06-09 00:00:00,1.0,1.0,1.0,1000.0,1000.0,176.0,0.0,176.0,0.0,10.0,0.5,40.0,45.0
348,06092016_tonks,tonks,2016-06-09 00:00:00,1.0,1.0,1.0,1000.0,1000.0,41.0,0.0,41.0,0.0,10.0,0.5,40.0,45.0
349,06092016_volde,volde,2016-06-09 00:00:00,1.0,1.0,1.0,1000.0,1000.0,57.0,0.0,57.0,0.0,10.0,0.5,40.0,45.0
350,06102016_dumble,dumble,2016-06-10 00:00:00,2.0,0.0,1.0,50.0,50.0,122.0,1.0,63.0,0.52,5.0,1.0,40.0,30.0
351,06102016_harry,harry,2016-06-10 00:00:00,1.0,1.0,1.0,1000.0,1000.0,312.0,0.0,312.0,0.0,5.0,0.5,40.0,30.0
352,06102016_myrtle,myrtle,2016-06-10 00:00:00,0.0,1.0,1.0,1000.0,1000.0,5.0,0.0,1.0,0.0,10.0,0.5,40.0,30.0
353,06102016_quirrel,quirrel,2016-06-10 00:00:00,1.0,1.0,1.0,1000.0,1000.0,348.0,0.0,348.0,0.0,5.0,0.5,40.0,30.0
354,06102016_sprout,sprout,2016-06-10 00:00:00,1.0,1.0,1.0,1000.0,1000.0,51.0,0.0,51.0,0.0,10.0,0.5,40.0,45.0
355,06102016_tom,tom,2016-06-10 00:00:00,2.0,0.0,1.0,50.0,50.0,91.0,1.0,50.0,0.55,5.0,0.5,40.0,45.0
356,06102016_tonks,tonks,2016-06-10 00:00:00,1.0,1.0,1.0,1000.0,1000.0,120.0,0.0,120.0,0.0,5.0,0.5,40.0,45.0
357,06102016_volde,volde,2016-06-10 00:00:00,1.0,1.0,1.0,1000.0,1000.0,166.0,0.0,166.0,0.0,5.0,0.5,40.0,45.0
358,06132016_dumble,dumble,2016-06-13 00:00:00,2.0,1.0,0.0,50.0,50.0,114.0,1.0,54.0,0.47,5.0,1.0,40.0,30.0
359,06132016_harry,harry,2016-06-13 00:00:00,2.0,1.0,0.0,50.0,50.0,392.0,3.0,153.0,0.39,5.0,0.5,40.0,30.0
360,06132016_quirrel,quirrel,2016-06-13 00:00:00,2.0,1.0,0.0,50.0,50.0,478.0,4.0,204.0,0.43,5.0,0.5,40.0,30.0
361,06132016_sprout,sprout,2016-06-13 00:00:00,2.0,1.0,0.0,50.0,50.0,152.0,1.0,80.0,0.53,5.0,0.5,40.0,30.0
362,06132016_tom,tom,2016-06-13 00:00:00,2.0,1.0,0.0,50.0,50.0,17.0,0.0,1.0,0.06,5.0,0.5,40.0,45.0
363,06132016_tonks,tonks,2016-06-13 00:00:00,2.0,1.0,0.0,50.0,50.0,28.0,0.0,3.0,0.11,5.0,0.5,40.0,30.0
364,06132016_volde,volde,2016-06-13 00:00:00,2.0,1.0,0.0,50.0,50.0,150.0,0.0,48.0,0.32,5.0,0.5,40.0,30.0
365,06142016_dumble,dumble,2016-06-14 00:00:00,2.0,1.0,0.0,30.0,30.0,247.0,5.0,178.0,0.72,5.0,1.0,40.0,30.0
366,06142016_harry,harry,2016-06-14 00:00:00,2.0,1.0,0.0,30.0,30.0,151.0,3.0,104.0,0.69,5.0,1.0,40.0,30.0
367,06142016_myrtle,myrtle,2016-06-14 00:00:00,0.0,1.0,1.0,1000.0,1000.0,4.0,0.0,0.0,0.0,10.0,0.5,40.0,30.0
368,06142016_quirrel,quirrel,2016-06-14 00:00:00,2.0,1.0,0.0,30.0,30.0,113.0,1.0,45.0,0.4,5.0,1.0,40.0,30.0
369,06142016_sprout,sprout,2016-06-14 00:00:00,2.0,1.0,0.0,30.0,30.0,105.0,2.0,62.0,0.59,5.0,1.0,40.0,30.0
370,06142016_tom,tom,2016-06-14 00:00:00,2.0,1.0,0.0,50.0,50.0,4.0,0.0,0.0,0.0,5.0,0.5,40.0,45.0
371,06142016_tonks,tonks,2016-06-14 00:00:00,2.0,1.0,0.0,50.0,50.0,12.0,0.0,2.0,0.17,5.0,0.5,40.0,30.0
372,06142016_volde,volde,2016-06-14 00:00:00,2.0,1.0,0.0,50.0,50.0,286.0,2.0,147.0,0.51,5.0,0.5,40.0,30.0
373,06152016_dumble,dumble,2016-06-15 00:00:00,2.0,1.0,0.0,15.0,15.0,331.0,14.0,217.0,0.66,3.0,1.0,40.0,30.0
374,06152016_harry,harry,2016-06-15 00:00:00,2.0,1.0,0.0,30.0,30.0,145.0,3.0,99.0,0.68,5.0,1.0,40.0,30.0
375,06152016_myrtle,myrtle,2016-06-15 00:00:00,0.0,1.0,1.0,1000.0,1000.0,1.0,0.0,1.0,0.0,10.0,0.5,40.0,30.0
376,06152016_quirrel,quirrel,2016-06-15 00:00:00,2.0,1.0,0.0,30.0,30.0,148.0,3.0,94.0,0.64,5.0,1.0,40.0,30.0
377,06152016_sprout,sprout,2016-06-15 00:00:00,2.0,1.0,0.0,30.0,30.0,118.0,2.0,66.0,0.56,5.0,1.0,40.0,30.0
378,06152016_tom,tom,2016-06-15 00:00:00,2.0,1.0,0.0,1999.0,1999.0,13.0,0.0,0.0,0.0,5.0,0.5,40.0,45.0
379,06152016_tonks,tonks,2016-06-15 00:00:00,2.0,1.0,0.0,50.0,50.0,17.0,0.0,5.0,0.29,5.0,0.5,40.0,30.0
380,06152016_volde,volde,2016-06-15 00:00:00,2.0,0.0,1.0,30.0,30.0,110.0,1.0,57.0,0.52,5.0,1.0,40.0,30.0
381,06162016_dumble,dumble,2016-06-16 00:00:00,2.0,1.0,0.0,30.0,30.0,385.0,9.0,279.0,0.72,3.0,1.0,40.0,30.0
382,06162016_harry,harry,2016-06-16 00:00:00,2.0,1.0,0.0,30.0,30.0,490.0,13.0,399.0,0.81,5.0,1.0,40.0,30.0
383,06162016_myrtle,myrtle,2016-06-16 00:00:00,1.0,1.0,1.0,1000.0,1000.0,68.0,0.0,68.0,0.0,10.0,0.5,40.0,30.0
384,06162016_quirrel,quirrel,2016-06-16 00:00:00,2.0,1.0,0.0,30.0,30.0,338.0,9.0,271.0,0.8,5.0,1.0,40.0,30.0
385,06162016_sprout,sprout,2016-06-16 00:00:00,2.0,1.0,0.0,30.0,30.0,60.0,1.0,32.0,0.53,5.0,1.0,40.0,30.0
386,06162016_tonks,tonks,2016-06-16 00:00:00,2.0,1.0,0.0,1000.0,1000.0,16.0,0.0,5.0,0.31,5.0,0.5,40.0,30.0
387,06162016_volde,volde,2016-06-16 00:00:00,2.0,0.0,1.0,30.0,30.0,72.0,1.0,38.0,0.53,5.0,1.0,40.0,30.0
388,06172016_dumble,dumble,2016-06-17 00:00:00,2.0,1.0,0.0,30.0,30.0,530.0,13.0,402.0,0.76,3.0,1.0,40.0,30.0
389,06172016_harry,harry,2016-06-17 00:00:00,2.0,1.0,0.0,30.0,30.0,523.0,14.0,427.0,0.82,5.0,1.0,40.0,30.0
390,06172016_quirrel,quirrel,2016-06-17 00:00:00,2.0,1.0,0.0,30.0,30.0,512.0,13.0,401.0,0.79,5.0,1.0,40.0,30.0
391,06172016_sprout,sprout,2016-06-17 00:00:00,2.0,1.0,0.0,30.0,30.0,221.0,4.0,136.0,0.62,5.0,1.0,40.0,30.0
392,06202016_dumble,dumble,2016-06-20 00:00:00,2.0,1.0,0.0,30.0,30.0,439.0,11.0,356.0,0.81,3.0,1.0,40.0,30.0
393,06202016_harry,harry,2016-06-20 00:00:00,2.0,1.0,0.0,30.0,30.0,461.0,12.0,377.0,0.82,3.0,1.0,40.0,30.0
394,06202016_myrtle,myrtle,2016-06-20 00:00:00,1.0,1.0,1.0,1000.0,1000.0,104.0,0.0,104.0,0.0,10.0,0.5,40.0,30.0
395,06202016_quirrel,quirrel,2016-06-20 00:00:00,2.0,1.0,0.0,30.0,30.0,637.0,17.0,513.0,0.81,5.0,1.0,40.0,30.0
396,06202016_sprout,sprout,2016-06-20 00:00:00,2.0,1.0,0.0,30.0,30.0,238.0,4.0,149.0,0.63,5.0,1.0,40.0,30.0
397,06202016_tom,tom,2016-06-20 00:00:00,1.0,1.0,1.0,1999.0,1999.0,114.0,0.0,114.0,0.0,5.0,0.5,40.0,45.0
398,06202016_tonks,tonks,2016-06-20 00:00:00,2.0,1.0,0.0,1000.0,1000.0,160.0,0.0,108.0,0.68,5.0,0.5,40.0,30.0
399,06202016_volde,volde,2016-06-20 00:00:00,2.0,0.0,1.0,30.0,30.0,240.0,5.0,160.0,0.67,5.0,1.0,40.0,30.0
400,06212016_dumble,dumble,2016-06-21 00:00:00,2.0,1.0,0.0,15.0,15.0,481.0,24.0,360.0,0.75,2.0,1.0,40.0,30.0
401,06212016_harry,harry,2016-06-21 00:00:00,2.0,1.0,0.0,15.0,15.0,521.0,28.0,418.0,0.8,2.0,1.0,40.0,30.0
402,06212016_myrtle,myrtle,2016-06-21 00:00:00,2.0,1.0,0.0,50.0,50.0,58.0,0.0,41.0,0.71,3.0,1.0,40.0,45.0
403,06212016_quirrel,quirrel,2016-06-21 00:00:00,2.0,1.0,0.0,15.0,15.0,651.0,33.0,497.0,0.76,2.0,1.0,40.0,30.0
404,06212016_sprout,sprout,2016-06-21 00:00:00,2.0,0.0,1.0,30.0,30.0,301.0,6.0,188.0,0.63,5.0,1.0,40.0,30.0
405,06212016_tom,tom,2016-06-21 00:00:00,2.0,1.0,0.0,50.0,50.0,168.0,0.0,48.0,0.29,5.0,0.5,40.0,45.0
406,06212016_tonks,tonks,2016-06-21 00:00:00,2.0,0.0,1.0,50.0,50.0,21.0,0.0,8.0,0.38,3.0,1.0,40.0,45.0
407,06212016_volde,volde,2016-06-21 00:00:00,2.0,1.0,0.0,15.0,15.0,279.0,13.0,198.0,0.71,2.0,1.0,40.0,45.0
408,06222016_dumble,dumble,2016-06-22 00:00:00,2.0,1.0,0.0,10.0,20.0,467.0,23.0,343.0,0.73,2.0,1.0,40.0,30.0
409,06222016_harry,harry,2016-06-22 00:00:00,2.0,1.0,0.0,10.0,20.0,483.0,25.0,371.0,0.77,2.0,1.0,40.0,30.0
410,06222016_myrtle,myrtle,2016-06-22 00:00:00,2.0,1.0,0.0,30.0,30.0,159.0,2.0,81.0,0.51,3.0,1.0,40.0,45.0
411,06222016_quirrel,quirrel,2016-06-22 00:00:00,2.0,1.0,0.0,10.0,20.0,683.0,34.0,547.0,0.8,2.0,1.0,40.0,30.0
412,06222016_sprout,sprout,2016-06-22 00:00:00,2.0,0.0,1.0,10.0,20.0,494.0,25.0,346.0,0.7,5.0,1.0,40.0,30.0
413,06222016_tom,tom,2016-06-22 00:00:00,2.0,1.0,0.0,30.0,30.0,339.0,6.0,181.0,0.53,5.0,0.5,40.0,45.0
414,06222016_tonks,tonks,2016-06-22 00:00:00,2.0,0.0,1.0,50.0,50.0,116.0,1.0,67.0,0.58,3.0,1.0,40.0,45.0
415,06232016_dumble,dumble,2016-06-23 00:00:00,2.0,1.0,0.0,10.0,20.0,572.0,30.0,454.0,0.79,2.0,1.0,45.0,35.0
416,06232016_harry,harry,2016-06-23 00:00:00,2.0,1.0,0.0,10.0,20.0,573.0,30.0,436.0,0.76,2.0,1.0,45.0,35.0
417,06232016_myrtle,myrtle,2016-06-23 00:00:00,2.0,1.0,0.0,30.0,30.0,139.0,1.0,49.0,0.35,3.0,1.0,40.0,45.0
418,06232016_quirrel,quirrel,2016-06-23 00:00:00,2.0,1.0,0.0,10.0,20.0,477.0,26.0,386.0,0.81,2.0,1.0,45.0,35.0
419,06232016_sprout,sprout,2016-06-23 00:00:00,2.0,1.0,0.0,30.0,30.0,537.0,13.0,419.0,0.78,3.0,1.0,45.0,35.0
420,06232016_tonks,tonks,2016-06-23 00:00:00,2.0,0.0,1.0,30.0,30.0,186.0,2.0,85.0,0.46,3.0,1.0,40.0,45.0
421,06232016_volde,volde,2016-06-23 00:00:00,2.0,1.0,0.0,10.0,20.0,514.0,27.0,397.0,0.77,2.0,1.0,40.0,45.0
422,06242016_dumble,dumble,2016-06-24 00:00:00,2.0,1.0,0.0,10.0,20.0,473.0,26.0,386.0,0.82,2.0,1.0,45.0,35.0
423,06242016_harry,harry,2016-06-24 00:00:00,2.0,1.0,0.0,10.0,20.0,470.0,23.0,369.0,0.8,2.0,1.0,45.0,35.0
424,06242016_myrtle,myrtle,2016-06-24 00:00:00,2.0,1.0,0.0,30.0,30.0,134.0,2.0,84.0,0.63,3.0,1.0,40.0,45.0
425,06242016_quirrel,quirrel,2016-06-24 00:00:00,2.0,1.0,0.0,10.0,20.0,479.0,25.0,383.0,0.8,2.0,1.0,40.0,45.0
426,06242016_sprout,sprout,2016-06-24 00:00:00,2.0,1.0,0.0,30.0,30.0,471.0,12.0,389.0,0.83,3.0,1.0,40.0,45.0
427,06242016_tom,tom,2016-06-24 00:00:00,2.0,1.0,0.0,30.0,30.0,357.0,8.0,268.0,0.75,5.0,0.5,45.0,35.0
428,06242016_tonks,tonks,2016-06-24 00:00:00,2.0,0.0,1.0,30.0,30.0,192.0,3.0,118.0,0.61,3.0,1.0,40.0,45.0
429,06242016_volde,volde,2016-06-24 00:00:00,2.0,1.0,0.0,10.0,20.0,398.0,18.0,290.0,0.73,2.0,1.0,45.0,35.0
430,06272016_dumble,dumble,2016-06-27 00:00:00,2.0,1.0,0.0,10.0,20.0,513.0,27.0,428.0,0.83,2.0,1.0,45.0,35.0
431,06272016_harry,harry,2016-06-27 00:00:00,2.0,1.0,0.0,10.0,20.0,523.0,27.0,410.0,0.79,2.0,1.0,45.0,35.0
432,06272016_myrtle,myrtle,2016-06-27 00:00:00,2.0,1.0,0.0,15.0,15.0,146.0,5.0,83.0,0.57,3.0,1.0,45.0,35.0
433,06272016_quirrel,quirrel,2016-06-27 00:00:00,2.0,1.0,0.0,10.0,20.0,552.0,28.0,448.0,0.81,2.0,1.0,45.0,35.0
434,06272016_sprout,sprout,2016-06-27 00:00:00,2.0,1.0,0.0,10.0,20.0,377.0,16.0,256.0,0.68,2.0,1.0,40.0,45.0
435,06272016_tom,tom,2016-06-27 00:00:00,2.0,1.0,0.0,10.0,20.0,310.0,14.0,221.0,0.71,2.0,1.0,35.0,45.0
436,06272016_tonks,tonks,2016-06-27 00:00:00,2.0,0.0,1.0,15.0,15.0,372.0,15.0,236.0,0.63,3.0,1.0,40.0,45.0
437,06272016_volde,volde,2016-06-27 00:00:00,2.0,1.0,0.0,10.0,20.0,512.0,25.0,393.0,0.77,2.0,1.0,35.0,45.0
438,06282016_dumble,dumble,2016-06-28 00:00:00,2.0,1.0,0.0,10.0,20.0,503.0,27.0,415.0,0.83,2.0,1.0,45.0,45.0
439,06282016_harry,harry,2016-06-28 00:00:00,2.0,1.0,0.0,10.0,20.0,445.0,22.0,349.0,0.78,2.0,1.0,45.0,45.0
440,06282016_myrtle,myrtle,2016-06-28 00:00:00,2.0,1.0,0.0,15.0,15.0,200.0,8.0,122.0,0.61,3.0,1.0,45.0,45.0
441,06282016_quirrel,quirrel,2016-06-28 00:00:00,2.0,1.0,0.0,10.0,20.0,501.0,25.0,404.0,0.81,2.0,1.0,45.0,45.0
442,06282016_sprout,sprout,2016-06-28 00:00:00,2.0,1.0,0.0,10.0,20.0,474.0,24.0,377.0,0.8,2.0,1.0,45.0,50.0
443,06282016_tom,tom,2016-06-28 00:00:00,2.0,1.0,0.0,10.0,20.0,435.0,23.0,345.0,0.79,2.0,1.0,45.0,50.0
444,06282016_tonks,tonks,2016-06-28 00:00:00,2.0,1.0,0.0,10.0,20.0,476.0,25.0,369.0,0.78,2.0,1.0,45.0,50.0
445,06282016_volde,volde,2016-06-28 00:00:00,2.0,1.0,0.0,10.0,20.0,558.0,28.0,427.0,0.77,2.0,1.0,45.0,50.0
446,06302016_dumble,dumble,2016-06-30 00:00:00,2.0,0.8,0.0,15.0,15.0,570.0,27.0,410.0,0.78,2.0,1.0,45.0,45.0
447,06302016_harry,harry,2016-06-30 00:00:00,2.0,0.8,0.0,15.0,15.0,483.0,23.0,351.0,0.76,2.0,1.0,45.0,45.0
448,06302016_quirrel,quirrel,2016-06-30 00:00:00,2.0,0.8,0.0,15.0,15.0,521.0,24.0,368.0,0.75,2.0,1.0,45.0,45.0
449,06302016_sprout,sprout,2016-06-30 00:00:00,2.0,0.8,0.0,15.0,15.0,706.0,26.0,392.0,0.7,2.0,1.0,45.0,45.0
450,06302016_tom,tom,2016-06-30 00:00:00,2.0,0.8,0.0,15.0,15.0,422.0,16.0,249.0,0.74,2.0,1.0,45.0,45.0
451,06302016_tonks,tonks,2016-06-30 00:00:00,2.0,0.8,0.0,15.0,15.0,295.0,11.0,165.0,0.7,2.0,1.0,45.0,45.0
452,06302016_volde,volde,2016-06-30 00:00:00,2.0,0.8,0.0,15.0,15.0,529.0,21.0,315.0,0.74,2.0,1.0,45.0,45.0
453,07052016_dumble,dumble,2016-07-05 00:00:00,2.0,1.0,0.0,15.0,30.0,538.0,21.0,464.0,0.86,2.0,1.0,45.0,40.0
454,07052016_harry,harry,2016-07-05 00:00:00,2.0,1.0,0.0,15.0,30.0,424.0,16.0,375.0,0.89,2.0,1.0,45.0,40.0
455,07052016_quirrel,quirrel,2016-07-05 00:00:00,2.0,1.0,0.0,15.0,30.0,441.0,19.0,377.0,0.85,2.0,1.0,45.0,40.0
456,07052016_sprout,sprout,2016-07-05 00:00:00,2.0,1.0,0.0,15.0,30.0,430.0,10.0,267.0,0.62,2.0,1.0,40.0,40.0
457,07052016_tom,tom,2016-07-05 00:00:00,2.0,1.0,0.0,15.0,30.0,302.0,10.0,229.0,0.76,2.0,1.0,45.0,40.0
458,07052016_tonks,tonks,2016-07-05 00:00:00,2.0,1.0,0.0,15.0,30.0,171.0,4.0,96.0,0.56,2.0,1.0,40.0,40.0
459,07052016_volde,volde,2016-07-05 00:00:00,2.0,1.0,0.0,15.0,30.0,39.0,0.0,17.0,0.44,2.0,1.0,40.0,40.0
460,07062016_dumble,dumble,2016-07-06 00:00:00,2.0,0.8,0.2,15.0,30.0,633.0,17.0,396.0,0.73,2.0,1.0,45.0,40.0
461,07062016_harry,harry,2016-07-06 00:00:00,2.0,0.8,0.2,15.0,30.0,590.0,16.0,359.0,0.72,2.0,1.0,45.0,40.0
462,07062016_quirrel,quirrel,2016-07-06 00:00:00,2.0,0.8,0.2,15.0,30.0,528.0,16.0,354.0,0.76,2.0,1.0,45.0,40.0
463,07062016_sprout,sprout,2016-07-06 00:00:00,2.0,1.0,0.0,15.0,30.0,337.0,6.0,179.0,0.53,2.0,1.0,40.0,40.0
464,07062016_tom,tom,2016-07-06 00:00:00,2.0,0.8,0.2,15.0,30.0,347.0,6.0,158.0,0.44,2.0,1.0,40.0,40.0
465,07062016_tonks,tonks,2016-07-06 00:00:00,2.0,1.0,0.0,15.0,30.0,216.0,4.0,107.0,0.5,2.0,1.0,40.0,40.0
466,07062016_volde,volde,2016-07-06 00:00:00,2.0,1.0,0.0,15.0,30.0,304.0,7.0,171.0,0.56,2.0,1.0,40.0,40.0
467,07072016_dumble,dumble,2016-07-07 00:00:00,2.0,0.8,0.2,50.0,50.0,557.0,7.0,384.0,0.82,2.0,1.0,45.0,40.0
468,07072016_harry,harry,2016-07-07 00:00:00,2.0,0.8,0.2,50.0,50.0,520.0,7.0,351.0,0.82,2.0,1.0,45.0,40.0
469,07072016_quirrel,quirrel,2016-07-07 00:00:00,2.0,0.8,0.2,50.0,50.0,516.0,6.0,327.0,0.76,2.0,1.0,45.0,40.0
470,07072016_sprout,sprout,2016-07-07 00:00:00,2.0,0.8,0.2,50.0,50.0,463.0,5.0,278.0,0.73,2.0,1.0,40.0,40.0
471,07072016_tom,tom,2016-07-07 00:00:00,2.0,0.8,0.2,50.0,50.0,142.0,1.0,65.0,0.51,2.0,1.0,45.0,40.0
472,07072016_tonks,tonks,2016-07-07 00:00:00,2.0,0.8,0.2,50.0,50.0,503.0,6.0,332.0,0.79,2.0,1.0,40.0,40.0
473,07072016_volde,volde,2016-07-07 00:00:00,2.0,0.8,0.2,50.0,50.0,219.0,2.0,113.0,0.54,2.0,1.0,40.0,40.0
474,07082016_dumble,dumble,2016-07-08 00:00:00,2.0,0.8,0.2,50.0,50.0,610.0,8.0,436.0,0.83,2.0,1.0,45.0,40.0
475,07082016_harry,harry,2016-07-08 00:00:00,2.0,0.8,0.2,50.0,50.0,538.0,8.0,401.0,0.88,2.0,1.0,45.0,40.0
476,07082016_quirrel,quirrel,2016-07-08 00:00:00,2.0,0.8,0.2,50.0,50.0,490.0,6.0,320.0,0.78,2.0,1.0,45.0,40.0
477,07082016_sprout,sprout,2016-07-08 00:00:00,2.0,0.8,0.2,50.0,50.0,655.0,8.0,440.0,0.77,2.0,1.0,40.0,40.0
478,07082016_tom,tom,2016-07-08 00:00:00,2.0,0.8,0.2,50.0,50.0,445.0,5.0,263.0,0.64,2.0,1.0,40.0,40.0
479,07082016_tonks,tonks,2016-07-08 00:00:00,2.0,0.8,0.2,50.0,50.0,448.0,6.0,310.0,0.79,2.0,1.0,40.0,40.0
480,07082016_volde,volde,2016-07-08 00:00:00,2.0,0.8,0.2,50.0,50.0,357.0,4.0,220.0,0.68,2.0,1.0,40.0,40.0
481,07112016_dumble,dumble,2016-07-11 00:00:00,2.0,0.8,0.2,50.0,50.0,653.0,8.0,439.0,0.8,2.0,1.0,45.0,40.0
482,07112016_harry,harry,2016-07-11 00:00:00,2.0,0.8,0.2,50.0,50.0,536.0,7.0,392.0,0.85,2.0,1.0,45.0,40.0
483,07112016_quirrel,quirrel,2016-07-11 00:00:00,2.0,0.8,0.2,50.0,50.0,521.0,7.0,355.0,0.81,2.0,1.0,45.0,40.0
484,07112016_sprout,sprout,2016-07-11 00:00:00,2.0,0.8,0.2,50.0,50.0,604.0,8.0,403.0,0.76,2.0,1.0,40.0,40.0
485,07112016_tom,tom,2016-07-11 00:00:00,2.0,0.8,0.2,50.0,50.0,449.0,5.0,296.0,0.76,2.0,1.0,40.0,40.0
486,07112016_tonks,tonks,2016-07-11 00:00:00,2.0,0.8,0.2,50.0,50.0,627.0,8.0,423.0,0.76,2.0,1.0,40.0,40.0
487,07112016_volde,volde,2016-07-11 00:00:00,2.0,0.8,0.2,50.0,50.0,567.0,7.0,372.0,0.77,2.0,1.0,40.0,40.0
488,07122016_dumble,dumble,2016-07-12 00:00:00,2.0,0.8,0.2,50.0,50.0,565.0,8.0,420.0,0.85,2.0,1.0,45.0,40.0
489,07122016_harry,harry,2016-07-12 00:00:00,2.0,0.8,0.2,50.0,50.0,561.0,7.0,385.0,0.83,2.0,1.0,45.0,40.0
490,07122016_quirrel,quirrel,2016-07-12 00:00:00,2.0,0.8,0.2,50.0,50.0,606.0,8.0,400.0,0.77,2.0,1.0,45.0,40.0
491,07122016_sprout,sprout,2016-07-12 00:00:00,2.0,0.8,0.2,50.0,50.0,602.0,7.0,358.0,0.66,2.0,1.0,40.0,40.0
492,07122016_tom,tom,2016-07-12 00:00:00,2.0,0.8,0.2,50.0,50.0,488.0,6.0,302.0,0.73,2.0,1.0,40.0,40.0
493,07122016_tonks,tonks,2016-07-12 00:00:00,2.0,0.8,0.2,50.0,50.0,669.0,8.0,441.0,0.79,2.0,1.0,40.0,40.0
494,07122016_volde,volde,2016-07-12 00:00:00,2.0,0.8,0.2,50.0,50.0,428.0,5.0,264.0,0.71,2.0,1.0,40.0,40.0
495,07132016_dumble,dumble,2016-07-13 00:00:00,2.0,0.8,0.2,50.0,50.0,659.0,9.0,449.0,0.83,2.0,1.0,45.0,40.0
496,07132016_harry,harry,2016-07-13 00:00:00,2.0,0.8,0.2,50.0,50.0,653.0,8.0,445.0,0.89,2.0,1.0,45.0,40.0
497,07132016_quirrel,quirrel,2016-07-13 00:00:00,2.0,0.8,0.2,50.0,50.0,480.0,6.0,347.0,0.85,2.0,1.0,45.0,40.0
498,07132016_sprout,sprout,2016-07-13 00:00:00,2.0,0.8,0.2,50.0,50.0,559.0,7.0,385.0,0.74,2.0,1.0,40.0,40.0
499,07132016_tom,tom,2016-07-13 00:00:00,2.0,0.8,0.2,50.0,50.0,544.0,7.0,387.0,0.81,2.0,1.0,40.0,40.0
500,07132016_tonks,tonks,2016-07-13 00:00:00,2.0,0.8,0.2,50.0,50.0,426.0,5.0,269.0,0.8,2.0,1.0,40.0,40.0
501,07132016_volde,volde,2016-07-13 00:00:00,2.0,0.8,0.2,50.0,50.0,465.0,5.0,287.0,0.69,2.0,1.0,40.0,40.0
502,07142016_dumble,dumble,2016-07-14 00:00:00,2.0,0.8,0.2,50.0,50.0,646.0,9.0,466.0,0.86,2.0,1.0,45.0,40.0
503,07142016_harry,harry,2016-07-14 00:00:00,2.0,0.8,0.2,50.0,50.0,551.0,7.0,374.0,0.79,2.0,1.0,45.0,40.0
504,07142016_quirrel,quirrel,2016-07-14 00:00:00,2.0,0.8,0.2,50.0,50.0,484.0,6.0,341.0,0.79,2.0,1.0,45.0,40.0
505,07142016_sprout,sprout,2016-07-14 00:00:00,2.0,0.8,0.2,50.0,50.0,589.0,8.0,421.0,0.82,2.0,1.0,40.0,40.0
506,07142016_tom,tom,2016-07-14 00:00:00,2.0,0.8,0.2,50.0,50.0,495.0,7.0,353.0,0.86,2.0,1.0,40.0,40.0
507,07142016_tonks,tonks,2016-07-14 00:00:00,2.0,0.8,0.2,50.0,50.0,599.0,8.0,420.0,0.84,2.0,1.0,40.0,40.0
508,07142016_volde,volde,2016-07-14 00:00:00,2.0,0.8,0.2,50.0,50.0,454.0,6.0,302.0,0.74,2.0,1.0,40.0,40.0
509,07152016_dumble,dumble,2016-07-15 00:00:00,2.0,0.8,0.2,50.0,50.0,540.0,7.0,360.0,0.8,2.0,1.0,45.0,40.0
510,07152016_harry,harry,2016-07-15 00:00:00,2.0,0.8,0.2,50.0,50.0,468.0,7.0,352.0,0.84,2.0,1.0,45.0,40.0
511,07152016_quirrel,quirrel,2016-07-15 00:00:00,2.0,0.8,0.2,50.0,50.0,468.0,7.0,352.0,0.84,2.0,1.0,45.0,40.0
512,07152016_sprout,sprout,2016-07-15 00:00:00,2.0,0.8,0.2,50.0,50.0,580.0,7.0,363.0,0.73,2.0,1.0,40.0,40.0
513,07152016_tom,tom,2016-07-15 00:00:00,2.0,0.8,0.2,50.0,50.0,507.0,6.0,340.0,0.8,2.0,1.0,40.0,40.0
514,07152016_tonks,tonks,2016-07-15 00:00:00,2.0,0.8,0.2,50.0,50.0,540.0,8.0,401.0,0.87,2.0,1.0,40.0,40.0
515,07152016_volde,volde,2016-07-15 00:00:00,2.0,0.8,0.2,50.0,50.0,471.0,6.0,313.0,0.77,2.0,1.0,40.0,40.0
516,07182016_dumble,dumble,2016-07-18 00:00:00,2.0,0.8,0.2,50.0,50.0,585.0,7.0,397.0,0.79,2.0,1.0,45.0,40.0
517,07182016_harry,harry,2016-07-18 00:00:00,2.0,0.8,0.2,50.0,50.0,520.0,7.0,360.0,0.88,2.0,1.0,45.0,40.0
518,07182016_quirrel,quirrel,2016-07-18 00:00:00,2.0,0.8,0.2,50.0,50.0,451.0,6.0,303.0,0.83,2.0,1.0,45.0,40.0
519,07182016_sprout,sprout,2016-07-18 00:00:00,2.0,0.8,0.2,50.0,50.0,660.0,8.0,431.0,0.76,2.0,1.0,40.0,40.0
520,07182016_tom,tom,2016-07-18 00:00:00,2.0,0.8,0.2,50.0,50.0,498.0,6.0,342.0,0.84,2.0,1.0,40.0,40.0
521,07182016_tonks,tonks,2016-07-18 00:00:00,2.0,0.8,0.2,50.0,50.0,457.0,6.0,323.0,0.82,2.0,1.0,40.0,40.0
522,07182016_volde,volde,2016-07-18 00:00:00,2.0,0.8,0.2,50.0,50.0,420.0,5.0,270.0,0.75,2.0,1.0,40.0,40.0
523,07192016_dumble,dumble,2016-07-19 00:00:00,2.0,0.8,0.2,50.0,50.0,761.0,10.0,535.0,0.87,2.0,1.0,45.0,40.0
524,07192016_harry,harry,2016-07-19 00:00:00,2.0,0.8,0.2,50.0,50.0,800.0,11.0,574.0,0.87,2.0,1.0,45.0,40.0
525,07192016_quirrel,quirrel,2016-07-19 00:00:00,2.0,0.8,0.2,50.0,50.0,590.0,8.0,428.0,0.88,2.0,1.0,45.0,40.0
526,07192016_sprout,sprout,2016-07-19 00:00:00,2.0,0.8,0.2,50.0,50.0,680.0,8.0,433.0,0.76,2.0,1.0,40.0,40.0
527,07192016_tom,tom,2016-07-19 00:00:00,2.0,0.8,0.2,50.0,50.0,554.0,8.0,400.0,0.87,2.0,1.0,40.0,40.0
528,07192016_tonks,tonks,2016-07-19 00:00:00,2.0,0.8,0.2,50.0,50.0,550.0,8.0,400.0,0.85,2.0,1.0,40.0,40.0
529,07192016_volde,volde,2016-07-19 00:00:00,2.0,0.8,0.2,50.0,50.0,636.0,8.0,416.0,0.76,2.0,1.0,40.0,40.0
530,07202016_harry,harry,2016-07-20 00:00:00,2.0,0.7,0.3,50.0,50.0,583.0,7.0,366.0,0.83,2.0,1.0,45.0,40.0
531,07202016_quirrel,quirrel,2016-07-20 00:00:00,2.0,0.7,0.3,50.0,50.0,482.0,5.0,282.0,0.71,2.0,1.0,45.0,40.0
532,07202016_sprout,sprout,2016-07-20 00:00:00,2.0,0.7,0.3,50.0,50.0,722.0,8.0,428.0,0.72,2.0,1.0,35.0,45.0
533,07202016_tom,tom,2016-07-20 00:00:00,2.0,0.7,0.3,50.0,50.0,619.0,7.0,369.0,0.72,2.0,1.0,35.0,45.0
534,07202016_tonks,tonks,2016-07-20 00:00:00,2.0,0.7,0.3,50.0,50.0,341.0,4.0,202.0,0.71,2.0,1.0,35.0,45.0
535,07202016_volde,volde,2016-07-20 00:00:00,2.0,0.7,0.3,50.0,50.0,510.0,5.0,287.0,0.68,2.0,1.0,35.0,45.0
536,07212016_dumble,dumble,2016-07-21 00:00:00,2.0,0.7,0.3,50.0,50.0,567.0,6.0,340.0,0.78,2.0,1.0,45.0,40.0
537,07212016_harry,harry,2016-07-21 00:00:00,2.0,0.7,0.3,50.0,50.0,630.0,7.0,386.0,0.74,2.0,1.0,45.0,40.0
538,07212016_quirrel,quirrel,2016-07-21 00:00:00,2.0,0.7,0.3,50.0,50.0,379.0,4.0,231.0,0.75,2.0,1.0,45.0,40.0
539,07212016_sprout,sprout,2016-07-21 00:00:00,2.0,0.7,0.3,50.0,50.0,598.0,7.0,365.0,0.78,2.0,1.0,35.0,45.0
540,07212016_tom,tom,2016-07-21 00:00:00,2.0,0.7,0.3,50.0,50.0,586.0,6.0,316.0,0.61,2.0,1.0,35.0,45.0
541,07212016_tonks,tonks,2016-07-21 00:00:00,2.0,0.7,0.3,50.0,50.0,344.0,3.0,197.0,0.71,2.0,1.0,35.0,45.0
542,07212016_volde,volde,2016-07-21 00:00:00,2.0,0.7,0.3,50.0,50.0,565.0,6.0,326.0,0.69,2.0,1.0,35.0,45.0
543,01182017_K1,K1,2017-01-18 00:00:00,2.0,0.9,0.1,50.0,50.0,326.0,4.0,226.0,0.74,3.0,1.0,35.0,40.0
544,01242017_K1,K1,2017-01-24 00:00:00,2.0,0.9,0.1,50.0,50.0,327.0,4.0,215.0,0.71,2.0,1.0,35.0,35.0
545,01252017_K1,K1,2017-01-25 00:00:00,2.0,0.1,0.9,50.0,50.0,392.0,6.0,306.0,0.83,2.0,1.0,35.0,35.0
546,01262017_K1,K1,2017-01-26 00:00:00,2.0,0.9,0.1,50.0,50.0,384.0,6.0,304.0,0.86,2.0,1.0,35.0,35.0
547,01272017_K1,K1,2017-01-27 00:00:00,2.0,0.9,0.1,50.0,50.0,577.0,9.0,450.0,0.88,2.0,1.0,35.0,35.0
548,01302017_K1,K1,2017-01-30 00:00:00,2.0,0.9,0.1,50.0,50.0,521.0,7.0,399.0,0.85,2.0,1.0,35.0,35.0
549,01312017_K1,K1,2017-01-31 00:00:00,2.0,1.0,0.0,50.0,50.0,539.0,8.0,432.0,0.88,2.0,1.0,35.0,35.0
550,02202017_K1,K1,2017-02-20 00:00:00,2.0,0.9,0.1,50.0,50.0,333.0,4.0,233.0,0.77,2.0,1.0,35.0,35.0
551,02212017_K1,K1,2017-02-21 00:00:00,2.0,0.9,0.1,50.0,50.0,344.0,5.0,279.0,0.87,2.0,1.0,35.0,35.0
552,02222017_K1,K1,2017-02-22 00:00:00,2.0,0.1,0.9,50.0,50.0,425.0,7.0,350.0,0.89,2.0,1.0,35.0,35.0
553,02232017_K1,K1,2017-02-23 00:00:00,2.0,0.1,0.9,50.0,50.0,401.0,6.0,321.0,0.86,2.0,1.0,35.0,35.0
554,02242017_K1,K1,2017-02-24 00:00:00,2.0,0.1,0.9,50.0,50.0,362.0,5.0,291.0,0.87,2.0,1.0,35.0,35.0
555,02272017_K1,K1,2017-02-27 00:00:00,2.0,0.1,0.9,50.0,50.0,542.0,8.0,423.0,0.88,2.0,1.0,35.0,35.0
556,03012017_K1,K1,2017-03-01 00:00:00,2.0,0.9,0.1,50.0,50.0,516.0,8.0,417.0,0.89,2.0,1.0,35.0,35.0
557,03022017_K1,K1,2017-03-02 00:00:00,2.0,0.1,0.9,50.0,50.0,502.0,8.0,400.0,0.89,2.0,1.0,35.0,35.0
558,03032017_K1,K1,2017-03-03 00:00:00,2.0,0.9,0.1,50.0,50.0,502.0,8.0,401.0,0.88,2.0,1.0,35.0,35.0
559,01182017_K7,K7,2017-01-18 00:00:00,0.0,1.0,1.0,1000.0,1000.0,3.0,0.0,3.0,0.0,10.0,1.0,40.0,35.0
560,01242017_K7,K7,2017-01-24 00:00:00,1.0,1.0,1.0,1000.0,1000.0,192.0,0.0,192.0,0.0,15.0,1.0,50.0,50.0
561,01252017_K7,K7,2017-01-25 00:00:00,1.0,1.0,1.0,1000.0,1000.0,383.0,0.0,383.0,0.0,10.0,1.0,35.0,35.0
562,01262017_K7,K7,2017-01-26 00:00:00,2.0,0.0,1.0,30.0,30.0,404.0,6.0,190.0,0.47,5.0,1.0,35.0,35.0
563,01272017_K7,K7,2017-01-27 00:00:00,2.0,0.0,1.0,50.0,50.0,253.0,3.0,171.0,0.68,5.0,1.0,35.0,35.0
564,01302017_K7,K7,2017-01-30 00:00:00,2.0,1.0,0.0,50.0,50.0,319.0,5.0,261.0,0.82,2.0,1.0,35.0,35.0
565,02012017_K7,K7,2017-02-01 00:00:00,2.0,0.0,1.0,50.0,50.0,459.0,8.0,417.0,0.91,2.0,1.0,35.0,35.0
566,02022017_K7,K7,2017-02-02 00:00:00,2.0,1.0,0.0,50.0,50.0,468.0,8.0,426.0,0.91,2.0,1.0,35.0,35.0
567,02032017_K7,K7,2017-02-03 00:00:00,2.0,0.0,1.0,50.0,50.0,460.0,8.0,408.0,0.89,2.0,1.0,35.0,35.0
568,02142017_K7,K7,2017-02-14 00:00:00,2.0,1.0,0.0,50.0,50.0,532.0,9.0,491.0,0.92,2.0,1.0,35.0,35.0
569,02152017_K7,K7,2017-02-15 00:00:00,2.0,0.0,1.0,50.0,50.0,525.0,9.0,493.0,0.94,2.0,1.0,35.0,35.0
570,02162017_K7,K7,2017-02-16 00:00:00,2.0,0.0,1.0,30.0,30.0,470.0,14.0,422.0,0.9,2.0,1.0,35.0,35.0
571,02172017_K7,K7,2017-02-17 00:00:00,2.0,0.0,1.0,30.0,30.0,469.0,13.0,414.0,0.88,2.0,1.0,35.0,35.0
572,02202017_K7,K7,2017-02-20 00:00:00,2.0,1.0,0.0,30.0,30.0,513.0,15.0,457.0,0.89,2.0,1.0,35.0,35.0
573,02212017_K7,K7,2017-02-21 00:00:00,2.0,0.1,0.9,50.0,50.0,531.0,8.0,405.0,0.85,2.0,1.0,35.0,35.0
574,02222017_K7,K7,2017-02-22 00:00:00,2.0,0.9,0.1,50.0,50.0,526.0,8.0,410.0,0.84,2.0,1.0,35.0,35.0
575,02232017_K7,K7,2017-02-23 00:00:00,2.0,0.9,0.1,50.0,50.0,537.0,7.0,398.0,0.83,2.0,1.0,35.0,35.0
576,02242017_K7,K7,2017-02-24 00:00:00,2.0,0.1,0.9,50.0,50.0,474.0,7.0,365.0,0.86,2.0,1.0,35.0,35.0
577,02272017_K7,K7,2017-02-27 00:00:00,2.0,0.1,0.9,50.0,50.0,544.0,8.0,424.0,0.84,2.0,1.0,35.0,35.0
578,03012017_K7,K7,2017-03-01 00:00:00,2.0,0.9,0.1,50.0,50.0,522.0,8.0,405.0,0.88,2.0,1.0,35.0,35.0
579,03022017_K7,K7,2017-03-02 00:00:00,2.0,0.1,0.9,50.0,50.0,500.0,8.0,400.0,0.87,2.0,1.0,35.0,35.0
580,03032017_K7,K7,2017-03-03 00:00:00,2.0,0.9,0.1,50.0,50.0,622.0,9.0,488.0,0.87,2.0,1.0,35.0,35.0
581,01182017_K9,K9,2017-01-18 00:00:00,0.0,1.0,1.0,1000.0,1000.0,2.0,0.0,0.0,0.0,10.0,1.0,35.0,40.0
582,01262017_K9,K9,2017-01-26 00:00:00,0.0,1.0,1.0,1000.0,1000.0,4.0,0.0,0.0,0.0,10.0,1.0,35.0,35.0
583,01272017_K9,K9,2017-01-27 00:00:00,1.0,1.0,1.0,1000.0,1000.0,45.0,0.0,45.0,0.0,10.0,1.0,35.0,35.0
584,01302017_K9,K9,2017-01-30 00:00:00,1.0,1.0,1.0,1000.0,1000.0,83.0,0.0,83.0,0.0,5.0,1.0,35.0,35.0
585,01312017_K9,K9,2017-01-31 00:00:00,1.0,1.0,1.0,1000.0,1000.0,41.0,0.0,41.0,0.0,2.0,1.0,35.0,35.0
586,02012017_K9,K9,2017-02-01 00:00:00,2.0,0.0,1.0,50.0,50.0,91.0,1.0,53.0,0.58,3.0,1.0,35.0,35.0
587,02022017_K9,K9,2017-02-02 00:00:00,2.0,0.0,1.0,50.0,50.0,222.0,1.0,68.0,0.31,2.0,1.0,35.0,35.0
588,02032017_K9,K9,2017-02-03 00:00:00,2.0,0.0,1.0,50.0,50.0,166.0,1.0,70.0,0.42,2.0,1.0,35.0,35.0
589,02132017_K9,K9,2017-02-13 00:00:00,2.0,1.0,0.0,50.0,50.0,201.0,2.0,114.0,0.57,2.0,1.0,35.0,35.0
590,02142017_K9,K9,2017-02-14 00:00:00,2.0,1.0,0.0,50.0,50.0,117.0,1.0,50.0,0.44,2.0,1.0,35.0,35.0
591,02152017_K9,K9,2017-02-15 00:00:00,2.0,1.0,0.0,50.0,50.0,220.0,2.0,138.0,0.63,2.0,1.0,35.0,35.0
592,02162017_K9,K9,2017-02-16 00:00:00,2.0,0.0,1.0,30.0,30.0,119.0,2.0,86.0,0.72,2.0,1.0,35.0,35.0
593,02172017_K9,K9,2017-02-17 00:00:00,2.0,1.0,0.0,30.0,30.0,176.0,4.0,124.0,0.7,2.0,1.0,35.0,35.0
594,02202017_K9,K9,2017-02-20 00:00:00,2.0,1.0,0.0,30.0,30.0,325.0,7.0,232.0,0.71,2.0,1.0,35.0,35.0
595,02212017_K9,K9,2017-02-21 00:00:00,2.0,0.1,0.9,50.0,50.0,337.0,4.0,211.0,0.68,2.0,1.0,35.0,35.0
596,02222017_K9,K9,2017-02-22 00:00:00,2.0,0.1,0.0,50.0,50.0,71.0,1.0,52.0,0.61,2.0,1.0,35.0,35.0
597,02232017_K9,K9,2017-02-23 00:00:00,2.0,0.1,0.9,50.0,50.0,318.0,4.0,216.0,0.78,2.0,1.0,35.0,35.0
598,02242017_K9,K9,2017-02-24 00:00:00,2.0,0.9,0.1,50.0,50.0,186.0,2.0,136.0,0.72,2.0,1.0,35.0,35.0
599,02272017_K9,K9,2017-02-27 00:00:00,2.0,0.9,0.1,50.0,50.0,553.0,7.0,395.0,0.77,2.0,1.0,35.0,35.0
600,03012017_K9,K9,2017-03-01 00:00:00,2.0,0.9,0.1,50.0,50.0,353.0,4.0,247.0,0.73,2.0,1.0,35.0,35.0
601,03022017_K9,K9,2017-03-02 00:00:00,2.0,0.9,0.1,50.0,50.0,336.0,5.0,250.0,0.79,2.0,1.0,35.0,35.0
602,03032017_K9,K9,2017-03-03 00:00:00,2.0,0.1,0.9,50.0,50.0,465.0,6.0,343.0,0.77,2.0,1.0,35.0,35.0
603,01182017_K10,K10,2017-01-18 00:00:00,0.0,1.0,1.0,1000.0,1000.0,1.0,0.0,1.0,0.0,10.0,1.0,40.0,35.0
604,01182017_K11,K11,2017-01-18 00:00:00,0.0,1.0,1.0,1000.0,1000.0,4.0,0.0,3.0,0.0,10.0,1.0,35.0,40.0
605,02012017_K11,K11,2017-02-01 00:00:00,0.0,1.0,1.0,1000.0,1000.0,1.0,0.0,1.0,0.0,15.0,1.0,50.0,50.0
606,02022017_K11,K11,2017-02-02 00:00:00,1.0,1.0,1.0,1000.0,1000.0,50.0,0.0,50.0,0.0,15.0,1.0,50.0,50.0
607,02032017_K11,K11,2017-02-03 00:00:00,1.0,1.0,1.0,1000.0,1000.0,93.0,0.0,93.0,0.0,10.0,1.0,35.0,35.0
608,02022017_K13,K13,2017-02-02 00:00:00,1.0,0.0,0.0,50.0,50.0,60.0,1.0,50.0,0.0,15.0,1.0,50.0,50.0
609,02032017_K13,K13,2017-02-03 00:00:00,1.0,1.0,1.0,1000.0,1000.0,107.0,0.0,107.0,0.0,10.0,1.0,35.0,35.0
610,02142017_K13,K13,2017-02-14 00:00:00,1.0,1.0,1.0,1000.0,1000.0,166.0,0.0,166.0,0.0,10.0,1.0,50.0,50.0
611,02152017_K13,K13,2017-02-15 00:00:00,2.0,0.0,1.0,50.0,50.0,218.0,1.0,91.0,0.42,5.0,1.0,35.0,35.0
612,02162017_K13,K13,2017-02-16 00:00:00,2.0,0.0,1.0,50.0,50.0,287.0,4.0,210.0,0.73,3.0,1.0,35.0,35.0
613,02172017_K13,K13,2017-02-17 00:00:00,2.0,0.0,1.0,50.0,50.0,446.0,7.0,385.0,0.86,2.0,1.0,35.0,35.0
614,02202017_K13,K13,2017-02-20 00:00:00,2.0,1.0,0.0,50.0,50.0,463.0,7.0,396.0,0.86,2.0,1.0,35.0,35.0
615,02212017_K13,K13,2017-02-21 00:00:00,2.0,0.1,0.9,50.0,50.0,579.0,8.0,439.0,0.82,2.0,1.0,35.0,35.0
616,02222017_K13,K13,2017-02-22 00:00:00,2.0,0.1,0.9,50.0,50.0,523.0,7.0,398.0,0.85,2.0,1.0,35.0,35.0
617,02232017_K13,K13,2017-02-23 00:00:00,2.0,0.1,0.9,50.0,50.0,554.0,8.0,433.0,0.86,2.0,1.0,35.0,35.0
618,02242017_K13,K13,2017-02-24 00:00:00,2.0,0.1,0.9,50.0,50.0,490.0,7.0,376.0,0.86,2.0,1.0,35.0,35.0
619,02272017_K13,K13,2017-02-27 00:00:00,2.0,0.1,0.9,50.0,50.0,568.0,8.0,446.0,0.87,2.0,1.0,35.0,35.0
620,03012017_K13,K13,2017-03-01 00:00:00,2.0,0.1,0.9,50.0,50.0,608.0,9.0,496.0,0.88,2.0,1.0,35.0,35.0
621,03022017_K13,K13,2017-03-02 00:00:00,2.0,0.9,0.1,50.0,50.0,564.0,9.0,450.0,0.88,2.0,1.0,35.0,35.0
622,03032017_K13,K13,2017-03-03 00:00:00,2.0,0.1,0.9,50.0,50.0,530.0,8.0,415.0,0.85,2.0,1.0,35.0,35.0
623,01182017_q43,q43,2017-01-18 00:00:00,2.0,0.1,0.9,50.0,50.0,311.0,5.0,251.0,0.83,3.0,1.0,40.0,35.0
624,01242017_q43,q43,2017-01-24 00:00:00,2.0,0.1,0.9,50.0,50.0,362.0,4.0,250.0,0.71,2.0,1.0,35.0,35.0
625,01252017_q43,q43,2017-01-25 00:00:00,2.0,0.1,0.9,50.0,50.0,520.0,8.0,405.0,0.87,2.0,1.0,35.0,35.0
626,01262017_q43,q43,2017-01-26 00:00:00,2.0,0.9,0.1,50.0,50.0,541.0,8.0,421.0,0.85,2.0,1.0,35.0,35.0
627,01272017_q43,q43,2017-01-27 00:00:00,2.0,0.1,0.9,50.0,50.0,550.0,8.0,425.0,0.82,2.0,1.0,35.0,35.0
628,01302017_q43,q43,2017-01-30 00:00:00,2.0,0.1,0.9,50.0,50.0,546.0,8.0,399.0,0.8,2.0,1.0,35.0,35.0
629,01312017_q43,q43,2017-01-31 00:00:00,2.0,0.9,0.1,50.0,50.0,561.0,8.0,404.0,0.82,2.0,1.0,35.0,35.0
630,02012017_q43,q43,2017-02-01 00:00:00,2.0,0.9,0.1,50.0,50.0,607.0,9.0,493.0,0.92,2.0,1.0,35.0,35.0
631,02022017_q43,q43,2017-02-02 00:00:00,2.0,0.9,0.1,50.0,50.0,511.0,8.0,420.0,0.9,2.0,1.0,35.0,35.0
632,02202017_q43,q43,2017-02-20 00:00:00,2.0,0.9,0.1,50.0,50.0,523.0,8.0,395.0,0.8,2.0,1.0,35.0,35.0
633,02212017_q43,q43,2017-02-21 00:00:00,2.0,0.9,0.1,50.0,50.0,574.0,9.0,450.0,0.84,2.0,1.0,35.0,35.0
634,02222017_q43,q43,2017-02-22 00:00:00,2.0,0.1,0.9,50.0,50.0,554.0,9.0,458.0,0.89,2.0,1.0,35.0,35.0
635,02232017_q43,q43,2017-02-23 00:00:00,2.0,0.1,0.9,50.0,50.0,562.0,8.0,430.0,0.83,2.0,1.0,35.0,35.0
636,02242017_q43,q43,2017-02-24 00:00:00,2.0,0.1,0.9,50.0,50.0,555.0,9.0,454.0,0.9,2.0,1.0,35.0,35.0
637,02272017_q43,q43,2017-02-27 00:00:00,2.0,0.1,0.9,50.0,50.0,575.0,8.0,449.0,0.87,2.0,1.0,35.0,35.0
638,03012017_q43,q43,2017-03-01 00:00:00,2.0,0.1,0.9,50.0,50.0,555.0,9.0,457.0,0.9,2.0,1.0,35.0,35.0
639,03022017_q43,q43,2017-03-02 00:00:00,2.0,0.1,0.9,50.0,50.0,533.0,8.0,421.0,0.86,2.0,1.0,35.0,35.0
640,03032017_q43,q43,2017-03-03 00:00:00,2.0,0.1,0.9,50.0,50.0,503.0,8.0,410.0,0.89,2.0,1.0,35.0,35.0
641,01252017_q45,q45,2017-01-25 00:00:00,2.0,0.1,0.9,50.0,50.0,332.0,4.0,228.0,0.72,2.0,1.0,35.0,35.0
642,01262017_q45,q45,2017-01-26 00:00:00,2.0,0.9,0.1,50.0,50.0,335.0,4.0,230.0,0.78,2.0,1.0,35.0,35.0
643,01272017_q45,q45,2017-01-27 00:00:00,2.0,0.9,0.1,50.0,50.0,417.0,5.0,293.0,0.75,2.0,1.0,35.0,35.0
644,01302017_q45,q45,2017-01-30 00:00:00,2.0,0.1,0.9,50.0,50.0,529.0,8.0,425.0,0.86,2.0,1.0,35.0,35.0
645,01312017_q45,q45,2017-01-31 00:00:00,2.0,0.1,0.9,50.0,50.0,532.0,7.0,393.0,0.83,2.0,1.0,35.0,35.0
646,02012017_q45,q45,2017-02-01 00:00:00,2.0,0.1,0.9,50.0,50.0,515.0,8.0,407.0,0.87,2.0,1.0,35.0,35.0
647,02022017_q45,q45,2017-02-02 00:00:00,2.0,0.1,0.9,50.0,50.0,467.0,7.0,356.0,0.82,2.0,1.0,35.0,35.0
648,02202017_q45,q45,2017-02-20 00:00:00,2.0,0.1,0.9,50.0,50.0,510.0,7.0,390.0,0.86,2.0,1.0,35.0,35.0
649,02212017_q45,q45,2017-02-21 00:00:00,2.0,0.9,0.1,50.0,50.0,719.0,11.0,561.0,0.86,2.0,1.0,35.0,35.0
650,02222017_q45,q45,2017-02-22 00:00:00,2.0,0.9,0.1,50.0,50.0,553.0,8.0,430.0,0.85,2.0,1.0,35.0,35.0
651,02232017_q45,q45,2017-02-23 00:00:00,2.0,0.9,0.1,50.0,50.0,462.0,7.0,381.0,0.89,2.0,1.0,35.0,35.0
652,02242017_q45,q45,2017-02-24 00:00:00,2.0,0.9,0.1,50.0,50.0,420.0,6.0,328.0,0.83,2.0,1.0,35.0,35.0
653,03012017_q45,q45,2017-03-01 00:00:00,2.0,0.1,0.9,50.0,50.0,497.0,7.0,396.0,0.87,2.0,1.0,35.0,35.0
654,03022017_q45,q45,2017-03-02 00:00:00,2.0,0.1,0.9,50.0,50.0,558.0,8.0,431.0,0.87,2.0,1.0,35.0,35.0
655,03032017_q45,q45,2017-03-03 00:00:00,2.0,0.1,0.9,50.0,50.0,515.0,8.0,440.0,0.9,2.0,1.0,35.0,35.0
656,03082017_k1,K1,2017-03-08 00:00:00,2.0,0.1,0.9,50.0,50.0,516.0,8.0,399.0,0.83,2.0,1.0,35.0,35.0
657,03082017_k13,K13,2017-03-08 00:00:00,2.0,0.9,0.1,50.0,50.0,456.0,7.0,351.0,0.86,2.0,1.0,35.0,35.0
658,03082017_k7,K7,2017-03-08 00:00:00,2.0,0.1,0.9,50.0,50.0,460.0,6.0,344.0,0.82,2.0,1.0,35.0,35.0
659,03082017_k9,K9,2017-03-08 00:00:00,2.0,0.1,0.9,50.0,50.0,463.0,6.0,349.0,0.81,2.0,1.0,35.0,35.0
660,03082017_Q43,Q43,2017-03-08 00:00:00,2.0,0.9,0.1,50.0,50.0,588.0,9.0,464.0,0.88,2.0,1.0,35.0,35.0
661,03082017_Q45,Q45,2017-03-08 00:00:00,2.0,0.1,0.9,50.0,50.0,521.0,8.0,402.0,0.84,2.0,1.0,35.0,35.0
662,03092017_K1,K1,2017-03-09 00:00:00,2.0,0.1,0.9,50.0,50.0,495.0,7.0,372.0,0.82,2.0,1.0,35.0,35.0
663,03092017_K13,K13,2017-03-09 00:00:00,2.0,0.9,0.1,50.0,50.0,525.0,8.0,406.0,0.85,2.0,1.0,35.0,35.0
664,03092017_K7,K7,2017-03-09 00:00:00,2.0,0.9,0.1,50.0,50.0,399.0,6.0,321.0,0.91,2.0,1.0,35.0,35.0
665,03092017_K9,K9,2017-03-09 00:00:00,2.0,0.9,0.1,50.0,50.0,355.0,4.0,240.0,0.75,2.0,1.0,35.0,35.0
666,03092017_Q43,Q43,2017-03-09 00:00:00,2.0,0.9,0.1,50.0,50.0,517.0,8.0,437.0,0.9,2.0,1.0,35.0,35.0
667,03092017_Q45,Q45,2017-03-09 00:00:00,2.0,0.9,0.1,50.0,50.0,544.0,8.0,432.0,0.86,2.0,1.0,35.0,35.0
668,03132017_K1,K1,2017-03-13 00:00:00,2.0,0.9,0.1,50.0,50.0,496.0,8.0,401.0,0.89,2.0,1.0,35.0,35.0
669,03132017_K13,K13,2017-03-13 00:00:00,2.0,0.2,0.8,50.0,50.0,627.0,8.0,438.0,0.84,2.0,1.0,35.0,35.0
670,03132017_K7,K7,2017-03-13 00:00:00,2.0,0.8,0.2,50.0,50.0,589.0,8.0,400.0,0.81,2.0,1.0,35.0,35.0
671,03132017_K9,K9,2017-03-13 00:00:00,2.0,0.9,0.1,50.0,50.0,196.0,2.0,133.0,0.76,2.0,1.0,35.0,35.0
672,03132017_Q43,Q43,2017-03-13 00:00:00,2.0,0.2,0.8,50.0,50.0,584.0,9.0,450.0,0.9,2.0,1.0,35.0,35.0
673,03132017_Q45,Q45,2017-03-13 00:00:00,2.0,0.1,0.9,50.0,50.0,565.0,9.0,449.0,0.86,2.0,1.0,35.0,35.0
674,03142017_K1,K1,2017-03-14 00:00:00,2.0,0.1,0.9,50.0,50.0,563.0,8.0,436.0,0.85,2.0,1.0,35.0,35.0
675,03142017_K13,K13,2017-03-14 00:00:00,2.0,0.8,0.2,50.0,50.0,339.0,5.0,251.0,0.84,2.0,1.0,35.0,35.0
676,03142017_K7,K7,2017-03-14 00:00:00,2.0,0.8,0.2,50.0,50.0,519.0,7.0,378.0,0.89,2.0,1.0,35.0,35.0
677,03142017_K9,K9,2017-03-14 00:00:00,2.0,0.8,0.2,50.0,50.0,400.0,5.0,255.0,0.78,2.0,1.0,35.0,35.0
678,03142017_Q43,Q43,2017-03-14 00:00:00,2.0,0.2,0.8,50.0,50.0,564.0,8.0,404.0,0.85,2.0,1.0,35.0,35.0
679,03142017_Q45,Q45,2017-03-14 00:00:00,2.0,0.9,0.1,50.0,50.0,594.0,9.0,484.0,0.9,2.0,1.0,35.0,35.0
680,03152017_K1,K1,2017-03-15 00:00:00,2.0,0.2,0.8,50.0,50.0,559.0,8.0,418.0,0.89,2.0,1.0,35.0,35.0
681,03152017_K13,K13,2017-03-15 00:00:00,2.0,0.2,0.8,50.0,50.0,566.0,8.0,405.0,0.89,2.0,1.0,35.0,35.0
682,03152017_K7,K7,2017-03-15 00:00:00,2.0,0.2,0.8,50.0,50.0,605.0,8.0,411.0,0.84,2.0,1.0,35.0,35.0
683,03152017_K9,K9,2017-03-15 00:00:00,2.0,0.9,0.1,50.0,50.0,207.0,2.0,147.0,0.81,2.0,1.0,35.0,35.0
684,03152017_Q43,Q43,2017-03-15 00:00:00,2.0,0.2,0.8,50.0,50.0,547.0,8.0,400.0,0.89,2.0,1.0,35.0,35.0
685,03152017_Q45,Q45,2017-03-15 00:00:00,2.0,0.8,0.2,50.0,50.0,661.0,9.0,452.0,0.83,2.0,1.0,35.0,35.0
686,03162017_K1,K1,2017-03-16 00:00:00,2.0,0.8,0.2,50.0,50.0,539.0,8.0,404.0,0.89,2.0,1.0,35.0,35.0
687,03162017_K13,K13,2017-03-16 00:00:00,2.0,0.8,0.2,50.0,50.0,593.0,8.0,402.0,0.85,2.0,1.0,35.0,35.0
688,03162017_K7,K7,2017-03-16 00:00:00,2.0,0.8,0.2,50.0,50.0,569.0,8.0,406.0,0.85,2.0,1.0,35.0,35.0
689,03162017_K9,K9,2017-03-16 00:00:00,2.0,0.9,0.1,50.0,50.0,402.0,5.0,275.0,0.75,2.0,1.0,35.0,35.0
690,03162017_Q43,Q43,2017-03-16 00:00:00,2.0,0.2,0.8,50.0,50.0,650.0,9.0,467.0,0.83,2.0,1.0,35.0,35.0
691,03162017_Q45,Q45,2017-03-16 00:00:00,2.0,0.8,0.2,50.0,50.0,576.0,8.0,403.0,0.87,2.0,1.0,35.0,35.0
692,03172017_K1,K1,2017-03-17 00:00:00,2.0,0.2,0.8,50.0,50.0,540.0,8.0,402.0,0.88,2.0,1.0,35.0,35.0
693,03172017_K13,K13,2017-03-17 00:00:00,2.0,0.2,0.8,50.0,50.0,593.0,8.0,406.0,0.8,2.0,1.0,35.0,35.0
694,03172017_K7,K7,2017-03-17 00:00:00,2.0,0.2,0.8,50.0,50.0,600.0,8.0,418.0,0.87,2.0,1.0,35.0,35.0
695,03172017_K9,K9,2017-03-17 00:00:00,2.0,0.9,0.1,50.0,50.0,409.0,6.0,303.0,0.77,2.0,1.0,35.0,35.0
696,03172017_Q43,Q43,2017-03-17 00:00:00,2.0,0.2,0.8,50.0,50.0,569.0,8.0,412.0,0.85,2.0,1.0,35.0,35.0
697,03172017_Q45,Q45,2017-03-17 00:00:00,2.0,0.8,0.2,50.0,50.0,618.0,9.0,453.0,0.88,2.0,1.0,35.0,35.0
